customer_id,first_name,last_name,email,phone,address,city,state,zip_code,registration_date,date_of_birth,risk_profile,employment_status,annual_income,credit_score,is_fraudulent
C0001,Ricky,Weaver,ricky.weaver@email.com,555-249-5544,63403 Ashley Courts,Port Willie,PA,55591,2019-12-23,1967-03-15,,Retired,100321,707,False
C0002,Veronica,Steele,veronica.steele@email.com,555-832-4138,655 Matthew Haven Apt. 181,West Susanville,ME,32514,2021-01-05,1960-03-11,,Unemployed,30000,626,False
C0003,Sherry,Underwood,sherry.underwood@email.com,555-703-4033,56177 Jacob Green Apt. 006,Lake Jennifermouth,NH,98280,2018-08-08,1968-02-11,Moderate,Self-Employed,177277,659,False
C0004,Mike,Ruiz,mike.ruiz@email.com,555-879-6149,823 Bryant Underpass Suite 904,North Jeffrey,DE,71066,2018-08-14,1983-04-25,Aggressive,Employed,217333,692,False
C0005,Alexis,Molina,alexis.molina@email.com,555-184-6375,9361 Peterson Villages Apt. 906,Lake Cindyville,NY,25167,2020-02-28,1972-09-20,,Employed,148101,757,False
C0006,Douglas,Randolph,douglas.randolph@email.com,555-975-8011,414 Adam Harbor,Lake Alexandra,IL,19123,2020-09-01,1990-06-18,,Employed,116122,631,False
C0007,Erika,Hodge,erika.hodge@email.com,555-187-2953,7418 Payne Oval,West Travisfurt,GA,61748,2020-03-31,1991-03-06,,Employed,168844,472,False
C0008,Richard,Payne,richard.payne@email.com,555-534-9177,54222 Sara Locks Suite 714,West Julie,LA,86273,2021-04-30,1972-03-30,,Self-Employed,59635,548,False
C0009,Wesley,Cox,wesley.cox@email.com,555-623-5569,387 William Way,Holtmouth,GA,69589,2018-08-10,1965-06-24,Aggressive,Employed,78945,722,False
C0010,John,Hall,john.hall@email.com,555-610-1438,155 Thomas Avenue Apt. 666,Robinsonburgh,ID,60152,2021-05-23,1990-06-20,,Employed,43755,726,False
C0011,Heather,Fitzgerald,heather.fitzgerald@email.com,555-632-9064,4083 Garrett Plains,North Davidfurt,DC,71082,2019-02-18,1973-03-02,,Employed,74867,604,False
C0012,Amanda,Williams,amanda.williams@email.com,555-653-9955,2429 Marc Ramp Suite 940,Port Jamieborough,AK,14141,2020-05-31,1999-06-24,Conservative,Retired,37070,639,False
C0013,Allen,Jones,allen.jones@email.com,555-898-5965,64653 Mccarty Hills,Kendraburgh,VA,31514,2020-10-03,1979-04-27,,Employed,123981,741,False
C0014,Donna,Jackson,donna.jackson@email.com,555-602-9837,7774 Barker Wells,Crawfordfurt,OR,71580,2020-09-01,1985-03-21,Aggressive,Retired,61557,476,False
C0015,Timothy,Rodriguez,timothy.rodriguez@email.com,555-391-6250,343 Orozco Trail Apt. 505,South Ruben,AR,13689,2021-04-24,1962-01-09,Moderate,Employed,36433,632,False
C0016,Antonio,Nelson,antonio.nelson@email.com,555-740-6591,03840 Kiara Fords Suite 577,New Brittanyport,MO,22759,2020-05-26,1975-06-25,Aggressive,Unemployed,37015,624,False
C0017,Gary,Walker,gary.walker@email.com,555-706-2391,052 Lauren Neck Apt. 146,East Scottton,VT,18585,2019-09-17,1965-02-18,,Employed,41905,517,False
C0018,Pamela,Schmidt,pamela.schmidt@email.com,555-531-5368,00088 Wall Parks Apt. 857,Port Nicole,AK,71564,2021-04-19,1960-12-30,Moderate,Unemployed,30000,622,False
C0019,Amanda,Johnson,amanda.johnson@email.com,555-791-4373,0811 Crystal Ports,Hansenton,MI,75107,2020-10-26,1996-05-25,Conservative,Self-Employed,50990,659,False
C0020,Paul,Mcintosh,paul.mcintosh@email.com,555-306-9142,86182 Cody Harbor,Jesseside,SD,19872,2021-01-02,1969-08-08,,Employed,57211,735,False
C0021,Matthew,Montgomery,matthew.montgomery@email.com,555-444-5478,805 Robert Squares Suite 620,Wrightborough,CA,84242,2020-12-23,1981-04-26,,Employed,76847,649,False
C0022,Katherine,Flores,katherine.flores@email.com,555-923-5913,5065 Walters Plain Suite 952,South Kathrynville,NV,96960,2021-01-10,1974-01-20,,Employed,58862,581,False
C0023,Sydney,Torres,sydney.torres@email.com,555-742-9457,983 Smith Corner Apt. 743,West Eric,ID,85608,2020-10-19,1969-07-21,,Employed,39572,778,False
C0024,Adrian,Herrera,adrian.herrera@email.com,555-544-1981,8939 Jasmine Well Apt. 749,Douglasfurt,ND,36299,2020-01-17,1980-09-29,,Employed,30661,693,False
C0025,Kevin,Mclean,kevin.mclean@email.com,555-165-4335,8054 Tina Tunnel Apt. 858,Port Richardfort,NE,44987,2019-08-11,1988-12-23,Moderate,Employed,96474,722,False
C0026,Michael,Finley,michael.finley@email.com,555-128-5023,47604 Aaron Loaf,Alexanderville,MD,70838,2020-09-21,1985-02-10,,Unemployed,30000,757,False
C0027,Dawn,Stevens,dawn.stevens@email.com,555-364-5551,40025 Garrison Haven Suite 814,South Sarahborough,TX,82182,2018-12-27,1988-11-25,,Retired,116321,831,False
C0028,Darrell,Schultz,darrell.schultz@email.com,555-165-7668,8335 Price Trail Apt. 258,Carterfurt,MS,98037,2021-09-08,1999-09-24,,Employed,106135,691,False
C0029,Brandon,Flynn,brandon.flynn@email.com,555-637-5125,0861 Mcdowell Extensions Suite 141,East Cherylton,NY,21829,2019-05-03,1986-11-27,,Employed,120079,690,False
C0030,Heather,Williams,heather.williams@email.com,555-866-4865,40650 William Burgs,South Nicole,NV,38574,2018-10-23,1964-10-16,,Employed,204080,686,False
C0031,Austin,Martinez,austin.martinez@email.com,555-816-2850,8355 Melissa Valleys Apt. 700,Allenview,MA,81531,2020-05-17,1981-04-20,Moderate,Employed,151955,696,False
C0032,Haley,Perry,haley.perry@email.com,555-121-1570,840 Hernandez Radial Apt. 525,Jessicaborough,WV,96798,2018-04-22,1990-12-25,Aggressive,Retired,79188,535,False
C0033,Cody,Lambert,cody.lambert@email.com,555-471-2999,649 Bauer Camp,Andersonland,OH,40983,2020-06-25,1977-06-04,Aggressive,Employed,153962,797,False
C0034,Lisa,Richard,lisa.richard@email.com,555-264-8190,81235 Catherine Turnpike,West Brandonchester,SD,51573,2021-08-12,1978-03-23,,Self-Employed,70236,633,False
C0035,Tanya,Grimes,tanya.grimes@email.com,555-582-7765,432 Keith Mall Apt. 214,Sarahland,MI,65360,2018-07-25,1996-12-23,,Employed,57484,621,False
C0036,Lisa,Taylor,lisa.taylor@email.com,555-564-1448,606 Jennifer Walk,New Benjamin,WI,16828,2021-08-06,1988-10-11,Moderate,Employed,63763,760,False
C0037,Jennifer,Brown,jennifer.brown@email.com,555-412-6140,9533 Leslie Trail Apt. 426,Lake Thomas,OR,20778,2018-08-15,1967-01-29,,Employed,227872,697,False
C0038,Brian,Murphy,brian.murphy@email.com,555-967-7722,08049 Smith Manor,Simmonschester,DC,51864,2020-07-13,1981-06-16,Aggressive,Retired,31733,639,False
C0039,Robert,Lam,robert.lam@email.com,555-286-7447,9860 Brown Wells Suite 776,Grahambury,MO,84762,2019-04-05,1960-12-05,,Retired,213900,655,False
C0040,Jenny,Perry,jenny.perry@email.com,555-972-3764,1322 Alisha Mission,South Vanessahaven,AR,62564,2021-06-19,1979-03-29,,Employed,34222,726,False
C0041,Melissa,Barr,melissa.barr@email.com,555-891-8433,760 Romero Common Apt. 295,Thompsonmouth,UT,74769,2018-08-31,1970-01-25,,Self-Employed,109386,671,False
C0042,Victoria,Castillo,victoria.castillo@email.com,555-943-5636,12469 Strong Spring,Jamesbury,WA,98760,2019-01-23,1978-10-06,Moderate,Employed,70131,645,False
C0043,Daniel,Morgan,daniel.morgan@email.com,555-187-1169,5177 Steven Estates Apt. 898,Cynthiafort,NM,27459,2019-10-25,1991-02-01,Moderate,Employed,46386,648,False
C0044,Andrew,Perry,andrew.perry@email.com,555-174-2561,9835 Guzman Expressway,South Martin,OK,17700,2018-04-17,1974-12-06,,Retired,55127,788,False
C0045,Grace,Moore,grace.moore@email.com,555-712-1745,44266 Christopher Row Apt. 558,East Johnview,AL,43247,2020-10-30,1987-10-18,,Employed,35056,657,False
C0046,Joel,Jones,joel.jones@email.com,555-643-8093,386 Matthew Alley Apt. 037,New Wendy,GA,44131,2018-08-28,1974-01-19,,Employed,363339,767,False
C0047,Anita,Morton,anita.morton@email.com,555-997-5312,930 Smith Isle Apt. 418,Michelleville,SC,44571,2020-11-24,1974-01-15,Moderate,Employed,30000,728,False
C0048,Tina,Cook,tina.cook@email.com,555-669-8208,69077 Michael Flats Suite 918,New Kelly,AR,34762,2018-11-01,1962-06-13,,Employed,39318,658,False
C0049,Kayla,Henry,kayla.henry@email.com,555-606-1668,4234 Tina Avenue Suite 961,Marcusshire,NH,56729,2021-12-23,1985-02-27,,Employed,63751,733,False
C0050,Eric,Alvarado,eric.alvarado@email.com,555-390-3959,2471 Banks Avenue Apt. 325,Lake Baileychester,HI,76681,2019-07-13,1985-04-07,,Retired,79779,653,False
C0051,Brittney,Smith,brittney.smith@email.com,555-284-7822,18974 Christopher Extension Suite 908,East Stevenberg,CA,42264,2020-10-17,1990-05-13,,Employed,65931,712,False
C0052,Eddie,Cuevas,eddie.cuevas@email.com,555-208-6300,2956 Mooney Coves Suite 758,Lake Reginastad,GA,13784,2018-06-16,1980-08-23,,Self-Employed,98163,712,False
C0053,April,Lopez,april.lopez@email.com,555-105-6397,13997 Oneal Mall Suite 141,South Jenniferborough,AZ,96005,2021-06-28,1980-04-28,,Employed,200902,799,False
C0054,Robert,Brown,robert.brown@email.com,555-920-5635,3504 May Pine,North Sarahburgh,MA,17279,2018-05-25,1984-07-17,,Unemployed,35305,643,False
C0055,Cheryl,Stewart,cheryl.stewart@email.com,555-508-2461,0844 Yang Meadows,Lake Cody,AK,37292,2018-11-30,1977-06-05,,Self-Employed,35199,664,False
C0056,Traci,Johnson,traci.johnson@email.com,555-853-6080,149 Smith Square Suite 621,Georgemouth,UT,89103,2018-09-26,1976-02-08,,Employed,151231,595,False
C0057,Kristin,Mckenzie,kristin.mckenzie@email.com,555-587-5398,7086 Christopher Loop Suite 893,Jasonville,OR,88687,2020-05-16,1964-01-18,,Self-Employed,167731,738,False
C0058,Linda,Santiago,linda.santiago@email.com,555-195-1662,8317 Lee Run,New Gabrielle,NC,54793,2020-08-07,1990-05-05,,Employed,108681,578,False
C0059,Lauren,Sawyer,lauren.sawyer@email.com,555-579-8165,004 Rowland Ports Apt. 007,Torresstad,CO,72601,2019-09-08,1966-08-31,,Unemployed,36494,718,False
C0060,Ryan,Hall,ryan.hall@email.com,555-148-2253,96911 Melissa Lodge Apt. 820,South Abigail,AZ,77294,2018-08-09,1982-11-27,,Employed,33029,642,False
C0061,Erika,Gomez,erika.gomez@email.com,555-887-9248,4530 Carey Bridge,Port Christophershire,AK,24933,2021-09-16,1980-10-05,,Employed,46673,646,False
C0062,James,Thomas,james.thomas@email.com,555-821-5876,79253 Burton Court,New Christopher,MA,86966,2020-07-20,1993-12-21,,Employed,79586,850,False
C0063,Lauren,Davis,lauren.davis@email.com,555-180-5248,58850 Martinez Knolls Suite 482,South Michael,UT,23936,2020-06-07,1983-12-21,Moderate,Employed,67214,683,False
C0064,Mason,Carlson,mason.carlson@email.com,555-514-8974,970 Morris Plaza,West Mark,MD,91067,2021-06-17,1976-03-07,Conservative,Employed,90190,634,False
C0065,Alicia,Perkins,alicia.perkins@email.com,555-214-1260,6895 James Court Suite 978,East Carolineborough,VT,34670,2018-02-24,1969-05-21,,Employed,53636,784,False
C0066,Leah,Murray,leah.murray@email.com,555-408-8592,640 Amy Cliff Apt. 044,Ruizville,GA,72126,2020-05-14,1960-12-23,,Employed,68704,569,False
C0067,Eugene,Fuller,eugene.fuller@email.com,555-699-4975,594 Crystal Heights Suite 723,New Virginia,IL,48644,2021-03-12,1997-03-16,,Self-Employed,143382,831,False
C0068,Lisa,Riley,lisa.riley@email.com,555-848-5764,059 Moore Lights,Lake Marialand,AZ,73897,2020-03-29,1981-10-21,Aggressive,Employed,58916,662,False
C0069,Matthew,Johnson,matthew.johnson@email.com,555-423-2040,5586 Nathan Mill Suite 536,South Melissastad,LA,94974,2020-05-04,1999-11-19,,Employed,68690,796,False
C0070,Christopher,Greer,christopher.greer@email.com,555-121-3643,400 Baker Island Apt. 107,West Raymondbury,ME,35192,2020-08-19,1975-06-04,,Employed,66982,657,False
C0071,Anthony,Spencer,anthony.spencer@email.com,555-400-7395,5634 Steele Fall,East Thomas,NE,98225,2021-08-29,1992-12-13,Aggressive,Employed,32472,528,False
C0072,Marissa,Walker,marissa.walker@email.com,555-389-2412,692 Erin Gardens,Hamiltonshire,TX,73293,2018-09-22,1967-10-10,,Employed,75928,499,False
C0073,Luis,Walker,luis.walker@email.com,555-670-1770,5963 Barnett Island,East Elizabethville,AK,57026,2019-06-19,1976-01-06,,Employed,71523,849,False
C0074,Malik,Fox,malik.fox@email.com,555-732-4714,838 Phillips Track Suite 401,North Sharon,DE,83660,2019-04-04,1981-10-25,,Employed,64140,846,False
C0075,Shannon,Bautista,shannon.bautista@email.com,555-973-9444,5964 Kelley Hills Apt. 505,West Michelemouth,RI,97750,2018-08-02,1991-09-08,Conservative,Employed,168872,753,False
C0076,James,Lara,james.lara@email.com,555-142-9311,872 Miller Prairie,Danielmouth,CT,31895,2021-07-14,1965-04-18,,Retired,30000,716,False
C0077,Mary,Reynolds,mary.reynolds@email.com,555-762-6959,5713 Huff Key Suite 284,Bethburgh,MI,28058,2018-09-09,1998-01-24,,Employed,86141,717,False
C0078,Karen,Johnson,karen.johnson@email.com,555-469-5021,355 Phillip Highway,South Kaylee,GA,79422,2020-05-13,1995-04-24,,Employed,127360,664,False
C0079,Jeffrey,Moore,jeffrey.moore@email.com,555-972-9456,998 Olson Inlet Suite 009,East Sara,DC,99417,2020-01-11,1961-05-02,,Employed,208564,781,False
C0080,Rachel,Cooke,rachel.cooke@email.com,555-186-6542,3083 Pamela Crescent Suite 520,Mendozaland,MA,62645,2018-12-03,1979-06-21,Conservative,Employed,171935,594,False
C0081,Lauren,Harmon,lauren.harmon@email.com,555-830-9516,03313 Gutierrez Village,Spencerchester,ME,64959,2020-04-03,1999-09-25,Aggressive,Employed,97311,537,False
C0082,Melissa,Mcpherson,melissa.mcpherson@email.com,555-452-1129,75119 Morales Stream,West Richard,LA,79178,2021-06-04,1966-08-03,,Self-Employed,69217,592,False
C0083,Andrew,Reyes,andrew.reyes@email.com,555-931-7627,768 Butler Walks,East Amy,WY,35859,2019-09-10,1963-10-12,,Employed,48349,657,False
C0084,Ashley,Sexton,ashley.sexton@email.com,555-632-9860,47514 Smith Glen Apt. 395,New Danielle,ME,38014,2018-07-10,1982-12-14,,Employed,99279,692,False
C0085,Julie,Wagner,julie.wagner@email.com,555-364-4954,10646 Mitchell Trafficway Apt. 801,Brownville,WY,49838,2020-05-15,1982-08-31,Moderate,Employed,36419,681,False
C0086,Karen,Smith,karen.smith@email.com,555-148-3043,32283 Kelly Orchard,West Michaelport,NH,49054,2021-03-18,1993-01-19,Moderate,Employed,60372,718,False
C0087,Cassandra,Clark,cassandra.clark@email.com,555-831-9737,68197 Melanie Cape,Huberberg,RI,40649,2019-12-19,1973-06-03,Aggressive,Employed,248348,572,False
C0088,James,Roberts,james.roberts@email.com,555-486-9514,795 Valencia Square Apt. 850,South Alexa,WV,42457,2018-08-04,1974-09-15,,Employed,30471,684,False
C0089,Trevor,Deleon,trevor.deleon@email.com,555-183-2511,741 Stephen Course Apt. 270,Port Blake,AR,65690,2018-09-24,1981-05-12,,Employed,72070,686,False
C0090,Marissa,David,marissa.david@email.com,555-370-9172,0437 Melinda Manors Suite 246,Lake Raymond,SD,65498,2020-06-20,1990-11-27,Aggressive,Retired,33127,698,False
C0091,Gabriel,Hurst,gabriel.hurst@email.com,555-821-9408,09560 Oconnor Mission,Lewisville,ND,25474,2021-11-23,1969-07-15,Conservative,Employed,158109,667,False
C0092,Katie,Love,katie.love@email.com,555-518-2807,1414 Sanchez Plaza,Tonyville,DE,58442,2021-03-16,1972-12-27,,Employed,36371,799,False
C0093,Albert,Gibson,albert.gibson@email.com,555-246-3328,1203 John Villages Apt. 292,South Sandra,DC,87283,2020-05-13,1962-03-08,,Retired,35760,707,False
C0094,Joseph,Ross,joseph.ross@email.com,555-225-9970,109 Gabrielle Ford Apt. 150,West Ashley,MN,18855,2018-04-02,1978-09-24,,Employed,63822,633,False
C0095,Craig,Cohen,craig.cohen@email.com,555-720-3175,4720 Martin Mill,Elizabethton,WI,28156,2020-10-30,1988-07-19,,Employed,59277,786,False
C0096,Chad,Wu,chad.wu@email.com,555-739-7711,6938 Gonzalez View,North Adrian,MO,40516,2020-03-20,1975-03-17,Aggressive,Employed,173380,758,False
C0097,David,Townsend,david.townsend@email.com,555-890-6060,7935 Roberts Estate,Michaelshire,OK,94562,2018-09-11,1988-11-18,Conservative,Employed,32744,642,False
C0098,Joseph,Lopez,joseph.lopez@email.com,555-683-9548,2007 Smith Island Apt. 831,Port Paulahaven,IL,72368,2020-10-26,2000-03-25,,Employed,106213,709,False
C0099,Rhonda,Cooper,rhonda.cooper@email.com,555-310-5018,2343 Melissa Plains Suite 926,East Shannonmouth,VA,85963,2020-06-28,1963-10-18,,Self-Employed,95065,837,False
C0100,Jose,Castro,jose.castro@email.com,555-284-7798,97604 Thomas Forges Apt. 596,South Erica,AK,79193,2019-10-12,1977-02-18,,Employed,50322,719,False
C0101,Stacy,Green,stacy.green@email.com,555-414-7672,13265 Thomas Junctions,Lake Brandon,UT,32176,2018-05-01,1987-07-25,Moderate,Unemployed,30000,712,False
C0102,Brandon,Sanchez,brandon.sanchez@email.com,555-431-5225,646 Lee Mountain Suite 991,Andrealand,MO,25855,2018-04-17,1969-01-31,,Employed,98447,719,False
C0103,Michael,Rose,michael.rose@email.com,555-494-2885,99193 Cooper Motorway,North Johnside,LA,17947,2019-10-14,1980-11-06,,Employed,369041,729,False
C0104,Kelly,Reilly,kelly.reilly@email.com,555-700-2663,5213 Emily Ridge,Emilyhaven,KS,82706,2021-08-27,1995-03-22,Moderate,Employed,85139,662,False
C0105,Rebecca,Vega,rebecca.vega@email.com,555-901-3332,634 David Fall,East Nicholastown,MS,80836,2018-12-11,1995-01-29,,Employed,93436,758,False
C0106,Amber,Bell,amber.bell@email.com,555-271-1008,79592 Walls Summit,Greenview,AR,73201,2019-07-14,1986-10-26,Aggressive,Employed,142957,503,False
C0107,Stephanie,Santiago,stephanie.santiago@email.com,555-146-3644,77106 Hill Hollow,Stephenland,WV,80004,2021-02-27,1963-02-19,,Employed,68030,782,False
C0108,Steven,Porter,steven.porter@email.com,555-315-9270,4879 Beltran Mountain,New Haroldville,MA,99404,2019-12-03,1988-06-28,Moderate,Employed,120633,724,False
C0109,Tonya,Pena,tonya.pena@email.com,555-449-4450,323 Martin Terrace,Ralphside,NJ,88579,2019-11-04,1960-09-17,Conservative,Retired,57646,850,False
C0110,Jessica,Morris,jessica.morris@email.com,555-906-2270,009 Jones Harbors,Barrettshire,OH,14056,2021-10-07,1979-12-20,Aggressive,Employed,36280,711,False
C0111,Shelby,Horton,shelby.horton@email.com,555-931-1138,533 Ashley Land Suite 461,Patriciatown,DE,70646,2020-01-29,1968-08-27,Moderate,Employed,63859,681,False
C0112,Suzanne,Robertson,suzanne.robertson@email.com,555-835-4623,395 Carolyn Valleys,Kellymouth,IA,74724,2020-01-14,1961-08-25,Conservative,Employed,48019,696,False
C0113,Lindsey,Bass,lindsey.bass@email.com,555-990-5544,53886 Brandy Valley,New Kennethmouth,OR,75578,2020-10-08,1967-08-25,,Employed,105997,661,False
C0114,Nathan,Gordon,nathan.gordon@email.com,555-863-2065,04197 Anne Common,West Julie,FL,44029,2021-03-13,1998-05-17,,Employed,85280,618,False
C0115,Andrew,Lee,andrew.lee@email.com,555-123-9731,6696 John Dam Apt. 041,New Michael,SC,43150,2021-10-26,1985-02-14,,Retired,30000,636,False
C0116,Erika,Munoz,erika.munoz@email.com,555-516-5489,705 Paula Crest Suite 649,East Donald,DE,99151,2020-11-27,1980-12-05,Moderate,Employed,76406,717,False
C0117,Keith,Jones,keith.jones@email.com,555-530-9723,702 Daniel Neck Suite 410,Lake Jessicaville,NH,51450,2018-01-11,1977-07-30,Conservative,Employed,31442,677,False
C0118,Ruth,Allen,ruth.allen@email.com,555-331-7943,3477 Aaron Parks,Guerrerotown,CA,42765,2019-02-08,1967-05-18,,Employed,31880,736,False
C0119,Mark,Fisher,mark.fisher@email.com,555-442-5102,677 Kendra Manor Suite 290,New Kennethmouth,KS,24134,2020-08-27,1970-09-10,,Unemployed,42725,794,False
C0120,Robert,Baker,robert.baker@email.com,555-692-3045,483 Maureen Roads Suite 525,West Christopher,CO,17954,2018-03-10,1976-12-05,,Employed,80913,746,False
C0121,Ricardo,Reynolds,ricardo.reynolds@email.com,555-204-1914,875 Perry Expressway Suite 855,Bakerland,OK,16842,2019-08-27,1998-02-15,,Employed,35608,718,False
C0122,Anthony,Hamilton,anthony.hamilton@email.com,555-538-2659,946 Miller Park,Lake Jason,MI,95317,2021-10-15,1995-02-13,Conservative,Employed,68158,696,False
C0123,Marcus,Nguyen,marcus.nguyen@email.com,555-709-2106,3305 Willie Summit Suite 889,Angelabury,PA,35377,2021-03-19,1965-08-26,Moderate,Employed,48629,656,False
C0124,Virginia,Stewart,virginia.stewart@email.com,555-348-3255,908 Timothy Avenue,Port Mark,AZ,17928,2018-09-19,1973-12-24,,Employed,90302,630,False
C0125,Jennifer,Finley,jennifer.finley@email.com,555-250-8692,136 Crystal Trail Suite 834,South Melanie,MD,89079,2019-12-04,1973-01-20,,Employed,91120,606,False
C0126,Brandon,Olsen,brandon.olsen@email.com,555-979-1894,97263 Duncan Mission Apt. 840,Castrohaven,NV,55064,2019-02-05,1968-12-26,,Employed,48433,679,False
C0127,Frances,Hogan,frances.hogan@email.com,555-714-6425,623 Juarez Ville,East Erin,PA,84199,2019-11-19,1987-08-21,Moderate,Employed,61585,627,False
C0128,Janet,Jarvis,janet.jarvis@email.com,555-607-4594,216 Schroeder Parkway,New Jason,AL,93724,2019-04-02,1991-02-04,,Employed,99000,658,False
C0129,Abigail,White,abigail.white@email.com,555-484-4363,520 Jessica Summit Apt. 856,Emilyfort,MT,34149,2018-01-14,1976-04-10,Conservative,Employed,49039,512,False
C0130,Ebony,Robinson,ebony.robinson@email.com,555-299-6896,3988 Green Estates,Port Trevorland,AZ,13890,2019-02-12,1968-11-15,Aggressive,Employed,55705,765,False
C0131,Amanda,Young,amanda.young@email.com,555-122-3884,93445 James Neck,Brianhaven,KY,23263,2018-02-12,1997-04-18,,Employed,44744,809,False
C0132,Christopher,Ray,christopher.ray@email.com,555-315-5998,1294 Eric Crossing Suite 042,Lake Darrell,NJ,41476,2020-01-28,1996-04-23,,Employed,37629,761,False
C0133,Edwin,Palmer,edwin.palmer@email.com,555-166-2941,1823 Peter Point,Mezaberg,GA,27143,2019-01-24,1968-08-06,Moderate,Employed,100564,643,False
C0134,Cynthia,Alexander,cynthia.alexander@email.com,555-147-4098,07161 Mckenzie Port,Amytown,OH,48559,2018-11-01,1974-09-12,,Employed,90250,770,False
C0135,Shawn,Alvarez,shawn.alvarez@email.com,555-698-9011,95511 Michael Drive,New Jerry,IN,20670,2020-08-21,1995-06-25,,Employed,36182,748,False
C0136,Jackie,Stafford,jackie.stafford@email.com,555-869-9342,2088 Kathleen Unions Apt. 845,Martinezburgh,MS,75350,2020-11-28,1980-10-28,,Employed,107460,531,False
C0137,Kelly,Hampton,kelly.hampton@email.com,555-510-1599,9283 Smith Roads Suite 074,Hawkinsville,IN,38773,2019-02-20,1980-04-11,,Retired,47166,780,False
C0138,Joshua,Mcconnell,joshua.mcconnell@email.com,555-483-5170,8373 Carlos Gardens,Heatherburgh,OK,21109,2018-10-03,1993-09-18,,Employed,58940,670,False
C0139,Lauren,Harris,lauren.harris@email.com,555-624-6511,004 Robert Drives Suite 710,Lake Jonathanchester,NV,69133,2020-08-15,1979-05-27,Conservative,Employed,107180,677,False
C0140,Brittany,Mccoy,brittany.mccoy@email.com,555-177-6883,122 Michelle Junction Suite 258,North Christopher,CO,48603,2020-10-24,1983-01-01,Moderate,Employed,41157,724,False
C0141,James,Vega,james.vega@email.com,555-468-1627,200 Holly Neck Suite 005,Blackburnside,OH,36254,2019-11-15,1968-10-26,,Employed,36111,713,False
C0142,Aaron,Carter,aaron.carter@email.com,555-381-4123,3728 David Corners Suite 626,Laurenmouth,VA,89171,2018-10-10,1998-05-09,,Self-Employed,62271,628,False
C0143,Laura,Williams,laura.williams@email.com,555-879-3445,44031 Leblanc Mills,Garciatown,MT,39829,2019-04-10,1992-06-12,Conservative,Self-Employed,71141,679,False
C0144,Jaclyn,Patrick,jaclyn.patrick@email.com,555-839-8559,9391 Johnson Expressway Apt. 869,Port Kimberly,MI,21255,2019-10-04,1997-12-09,Aggressive,Employed,218739,711,False
C0145,Benjamin,Reyes,benjamin.reyes@email.com,555-242-3102,36622 Bender Manors Suite 406,New Michelleburgh,MD,11268,2020-10-20,1996-05-08,,Employed,70183,761,False
C0146,Katelyn,Davis,katelyn.davis@email.com,555-513-9808,8521 Joseph Path Apt. 915,Aaronfurt,MD,52739,2021-04-17,1961-01-15,,Employed,106372,680,False
C0147,Ronald,Allen,ronald.allen@email.com,555-500-7247,27133 Eric Forges Suite 949,West Jacob,IN,61201,2018-05-11,1983-12-23,,Employed,80158,806,False
C0148,Alexis,Garcia,alexis.garcia@email.com,555-206-3910,9887 Hudson Mountains Suite 326,Port Richard,AZ,89084,2020-09-27,1961-03-15,Moderate,Employed,56112,708,False
C0149,Tammy,Barker,tammy.barker@email.com,555-158-7039,48194 Russell Way Apt. 513,Shannonbury,ND,11447,2018-12-18,1974-08-28,,Retired,41675,777,False
C0150,Mitchell,Flores,mitchell.flores@email.com,555-170-7373,1346 Dennis Spurs,Lake Sandy,IN,27030,2019-02-26,1973-11-23,Conservative,Employed,109157,802,False
C0151,Emily,Cruz,emily.cruz@email.com,555-417-4325,07529 Hoover Key,East Joshua,NC,99762,2020-07-28,1972-05-09,,Employed,205245,739,False
C0152,Jacob,Newman,jacob.newman@email.com,555-682-9043,54815 Andrew Plain,East Nancyberg,NJ,70646,2021-03-25,1961-10-02,,Self-Employed,76962,594,False
C0153,Tara,Wells,tara.wells@email.com,555-500-3869,03805 Savage Mountains Apt. 743,Rodriguezfurt,NE,42654,2019-01-03,2000-05-15,,Employed,62173,639,False
C0154,Maria,Newton,maria.newton@email.com,555-144-4927,018 Barron Forges,North Ashleyberg,HI,45884,2021-07-10,1984-02-14,,Employed,93673,627,False
C0155,Jessica,Cooper,jessica.cooper@email.com,555-880-2986,0438 Santiago Locks,Samanthamouth,MS,20031,2018-08-04,1982-08-17,Aggressive,Self-Employed,61835,696,False
C0156,John,Wilson,john.wilson@email.com,555-754-8567,3119 Laura Island,West Jaime,MO,55043,2020-03-28,1998-05-21,,Employed,39750,712,False
C0157,Elizabeth,Lane,elizabeth.lane@email.com,555-786-8606,834 Jacob Heights Apt. 670,North Coltonton,NY,70470,2018-05-20,1963-09-14,,Employed,120736,655,False
C0158,Katherine,Abbott,katherine.abbott@email.com,555-281-5819,33381 Collins Glens,Moodyfort,DE,80078,2020-03-11,1967-07-22,,Employed,190130,742,False
C0159,James,White,james.white@email.com,555-791-9721,772 Moore Cliff Suite 629,North Justinchester,IN,67941,2021-11-27,1962-02-21,,Self-Employed,170049,768,False
C0160,Amber,Johnson,amber.johnson@email.com,555-415-8274,783 Melinda Crossing,Lake Caseymouth,AR,88407,2018-01-10,1962-03-08,,Self-Employed,63310,754,False
C0161,Mary,Burton,mary.burton@email.com,555-114-6523,9616 Christopher Spurs Suite 038,Jimmyburgh,IL,99123,2021-10-02,1962-11-01,,Employed,114353,747,False
C0162,Thomas,Hess,thomas.hess@email.com,555-430-4105,7032 Valencia Hills,Morganmouth,SC,37147,2021-01-14,1977-09-20,,Retired,30000,767,False
C0163,William,Davis,william.davis@email.com,555-769-6181,762 Lawrence Hill,Cindyfort,AL,61011,2019-03-12,1980-07-30,,Employed,93956,707,False
C0164,Nicole,Smith,nicole.smith@email.com,555-323-7735,425 William Summit,Port Daniel,MD,88494,2020-10-20,1964-07-26,,Self-Employed,81607,799,False
C0165,Donald,Evans,donald.evans@email.com,555-794-3177,24795 Tina Greens,Nicholasborough,MI,32980,2021-07-25,1994-03-02,,Retired,30000,666,False
C0166,Andrea,Green,andrea.green@email.com,555-699-8354,630 Kayla Crossing,East Christiantown,MO,76981,2021-08-04,1993-04-10,Moderate,Employed,36601,761,False
C0167,John,Jackson,john.jackson@email.com,555-855-8020,134 Ashley Branch,Aguirreburgh,WI,41922,2021-06-23,1963-07-24,,Employed,62419,744,False
C0168,Amanda,Simmons,amanda.simmons@email.com,555-138-4900,203 Rhodes Coves Suite 135,New Manuelport,WA,88390,2020-06-27,1993-02-27,Aggressive,Retired,32873,743,False
C0169,Jeremiah,Gibbs,jeremiah.gibbs@email.com,555-524-5726,03099 Kara Run Suite 876,North Robertstad,WI,13105,2019-04-15,1997-12-28,Conservative,Self-Employed,61799,850,False
C0170,Danielle,Brennan,danielle.brennan@email.com,555-812-4644,4773 Chaney Gateway Apt. 330,Leeland,RI,60002,2020-12-03,1974-06-05,Conservative,Employed,74748,791,False
C0171,Deborah,Wilson,deborah.wilson@email.com,555-297-1853,95593 Mitchell Avenue,Ashleyland,SD,28550,2019-02-23,1965-08-19,Aggressive,Employed,140608,730,False
C0172,Carrie,Turner,carrie.turner@email.com,555-578-6103,07892 Tiffany Loaf Suite 064,Davidview,HI,35891,2019-05-17,1979-01-08,,Employed,52244,639,False
C0173,Richard,Miller,richard.miller@email.com,555-378-8883,9272 Campbell Track Suite 424,Josephtown,CO,57131,2020-03-26,1976-12-10,,Employed,66525,763,False
C0174,Cheryl,Mills,cheryl.mills@email.com,555-939-8897,097 Beck Gateway Apt. 317,South Colin,AK,59993,2020-05-25,1998-04-23,,Employed,147979,589,False
C0175,Kimberly,Wilson,kimberly.wilson@email.com,555-574-6011,6109 Zachary Point,Masonburgh,NJ,47122,2020-02-08,1985-03-20,,Employed,61468,688,False
C0176,Darryl,Adams,darryl.adams@email.com,555-982-9203,98278 Tonya Spur,West Lindaborough,WA,59054,2020-10-03,1978-02-23,,Retired,34971,658,False
C0177,Beverly,Martinez,beverly.martinez@email.com,555-139-3039,60707 Hopkins Summit,Lake Renee,MO,84135,2018-11-29,1968-09-17,,Self-Employed,110415,694,False
C0178,Andrew,Harrison,andrew.harrison@email.com,555-766-7313,169 Richardson Ports,Pricemouth,NV,42347,2019-05-12,1981-06-06,,Employed,179618,679,False
C0179,Darren,Martinez,darren.martinez@email.com,555-760-3422,7142 Berry Square Apt. 468,Port Jacob,KY,89355,2020-07-21,1990-07-20,,Employed,40484,701,False
C0180,Philip,Anderson,philip.anderson@email.com,555-219-2512,27645 Franco Spur,Port Sheilaburgh,TN,60377,2020-03-25,1991-09-03,,Employed,192270,647,False
C0181,Teresa,Mcintosh,teresa.mcintosh@email.com,555-269-7993,34825 Jennifer Mill,Port Larryville,KY,49612,2020-10-22,1983-12-01,Moderate,Employed,63001,785,False
C0182,Mitchell,Weaver,mitchell.weaver@email.com,555-845-2456,425 Garcia Isle Apt. 782,Farrellchester,CT,93385,2021-03-18,1994-11-03,Aggressive,Self-Employed,138900,733,False
C0183,Laura,Miller,laura.miller@email.com,555-272-9056,872 Brandi Path,Johnsonborough,AL,22697,2018-05-24,1994-09-16,,Employed,71429,850,False
C0184,Eric,Randolph,eric.randolph@email.com,555-483-4053,226 Carl Mills,South Haroldside,VA,27607,2019-02-10,1981-10-27,,Employed,173786,685,False
C0185,Todd,Barnes,todd.barnes@email.com,555-160-3993,463 Myers Track Apt. 610,East Julieshire,WI,35150,2019-06-16,2000-06-21,,Retired,30000,793,False
C0186,Teresa,Johnston,teresa.johnston@email.com,555-383-2052,173 Soto Burgs Apt. 115,Jorgeborough,MI,13888,2021-04-14,1970-07-13,,Employed,91405,813,False
C0187,Mary,Marquez,mary.marquez@email.com,555-107-1685,9175 Emily Springs Apt. 229,New David,CT,37665,2020-12-05,1995-07-08,,Employed,81724,739,False
C0188,Juan,White,juan.white@email.com,555-798-6620,14390 French Run,Heathertown,MA,41404,2020-01-10,1989-10-31,,Employed,41550,723,False
C0189,John,Hendricks,john.hendricks@email.com,555-386-5072,2318 Shane Parkways,Lake Michaelborough,MS,69233,2021-06-20,1990-10-12,,Employed,61082,704,False
C0190,Tara,Adams,tara.adams@email.com,555-753-6278,73352 Donna Pine Apt. 967,North Joshuamouth,AK,93070,2020-01-08,1999-03-07,,Employed,119664,622,False
C0191,Brenda,Wilson,brenda.wilson@email.com,555-913-2333,00093 Garcia Highway,West David,MN,66087,2020-09-02,1989-07-13,Moderate,Retired,37049,765,False
C0192,Andrew,Ross,andrew.ross@email.com,555-977-9267,094 Alexander Meadows Suite 800,South Brian,AZ,26759,2020-10-16,1995-09-29,,Employed,192106,839,False
C0193,Patrick,Mendez,patrick.mendez@email.com,555-593-9858,525 Harrington Key,New Aaron,KS,41897,2019-03-10,1967-08-24,,Self-Employed,89843,633,False
C0194,Paul,Schwartz,paul.schwartz@email.com,555-264-6349,40726 Hansen Summit,Jordanborough,MO,46747,2019-03-28,1992-04-04,Moderate,Employed,59115,743,False
C0195,David,Bailey,david.bailey@email.com,555-647-9060,5925 Phillip Avenue,Davidmouth,CO,53620,2019-04-04,1985-11-01,,Self-Employed,112924,708,False
C0196,Cindy,Hall,cindy.hall@email.com,555-860-7252,90697 Bates Lake Suite 906,Carpenterbury,TN,94161,2021-02-24,1998-05-28,,Employed,51783,748,False
C0197,Kelly,Stephens,kelly.stephens@email.com,555-448-4082,4460 Michael Village,Shelbyview,WV,25218,2021-03-19,1976-06-30,Aggressive,Employed,64255,688,False
C0198,Christopher,Blankenship,christopher.blankenship@email.com,555-967-7359,57093 Woods Circles Apt. 480,Jonesmouth,NV,51896,2020-01-18,1995-10-10,Moderate,Employed,141616,686,False
C0199,Kristina,Stewart,kristina.stewart@email.com,555-504-1150,890 Avila Spring,West Jasonfort,OH,70372,2019-10-10,1966-06-28,,Self-Employed,50467,695,False
C0200,George,Murillo,george.murillo@email.com,555-390-3389,00479 Michael Cliff Suite 070,Melaniestad,WV,97208,2021-12-10,1961-07-16,,Employed,112724,658,False
C0201,John,Galvan,john.galvan@email.com,555-821-7171,982 Timothy Extensions,Davidview,AR,53665,2018-11-09,1997-02-19,,Self-Employed,36641,800,False
C0202,Jeffrey,Stone,jeffrey.stone@email.com,555-501-5900,83053 Allen Cliff Apt. 814,New Christopher,TX,30865,2018-02-14,1984-07-30,,Employed,64449,685,False
C0203,Matthew,Berry,matthew.berry@email.com,555-173-9648,190 Terry Manors Suite 871,Mullinshaven,WA,47098,2019-08-02,1991-03-28,,Retired,82738,763,False
C0204,Juan,Taylor,juan.taylor@email.com,555-986-1886,138 Mark Gateway,North Ronnie,VA,49855,2020-07-26,1989-05-13,,Employed,30883,759,False
C0205,Darren,Richardson,darren.richardson@email.com,555-314-4573,58430 Michael Plaza,New Charles,WV,35644,2021-08-26,1960-05-29,,Employed,107207,740,False
C0206,Jessica,Nunez,jessica.nunez@email.com,555-153-2922,15549 Kevin Mount,Caroltown,NC,95209,2019-11-25,1986-08-14,Aggressive,Employed,32970,723,False
C0207,Laura,Monroe,laura.monroe@email.com,555-346-7498,943 Olson Oval Apt. 349,New Tammy,NY,49674,2021-11-09,1986-09-28,,Unemployed,54274,654,False
C0208,Alexander,Keller,alexander.keller@email.com,555-765-7260,11271 Jacobs Court Apt. 789,South Julieside,LA,92881,2021-08-30,1979-12-19,,Employed,64913,599,False
C0209,Rebecca,Bernard,rebecca.bernard@email.com,555-700-8856,64404 Ramirez Landing,Rhondaville,LA,22393,2021-04-29,1968-02-15,Conservative,Employed,52473,676,False
C0210,Daniel,King,daniel.king@email.com,555-932-1323,83087 Nicholas Common,Port Sarahshire,MT,82883,2021-01-03,1995-02-22,,Self-Employed,73187,638,False
C0211,Russell,Hamilton,russell.hamilton@email.com,555-909-3033,405 Deleon Flat Apt. 506,Jamesberg,WI,37192,2021-09-10,2000-04-06,,Employed,267696,622,False
C0212,Jacob,Ward,jacob.ward@email.com,555-919-6149,6476 Elizabeth Pass,Port Michaelberg,DE,15130,2018-09-21,1985-10-18,,Employed,32150,720,False
C0213,Jason,Williams,jason.williams@email.com,555-472-9919,0672 Pena Mills,Delgadoborough,HI,65450,2021-09-09,1960-01-02,,Employed,126969,717,False
C0214,Heather,Huang,heather.huang@email.com,555-690-9035,04569 Hogan Lakes,Rebeccaland,VT,51017,2020-12-06,2000-11-08,,Unemployed,30000,702,False
C0215,Kimberly,Phelps,kimberly.phelps@email.com,555-245-5910,6122 Marshall Mill Apt. 108,Brianmouth,IN,27590,2021-05-18,1984-10-06,,Employed,63500,703,False
C0216,Sherri,Bullock,sherri.bullock@email.com,555-361-5270,82384 Smith Forge,New Tylerfort,MO,95166,2018-12-01,1977-12-11,,Employed,32928,710,False
C0217,Cassandra,Smith,cassandra.smith@email.com,555-761-4156,3766 Christopher Square Suite 777,Port Lisaberg,VA,58777,2021-02-28,1989-06-26,,Employed,76063,743,False
C0218,Daniel,Wilson,daniel.wilson@email.com,555-906-8104,46882 Deborah Spur Apt. 805,Bellburgh,MO,13396,2021-05-21,1971-02-07,,Employed,93190,626,False
C0219,Brandy,Combs,brandy.combs@email.com,555-441-5476,82859 Maurice Point Suite 295,Scottchester,GA,39591,2019-07-15,1960-06-10,,Employed,33085,664,False
C0220,Ashley,Bryant,ashley.bryant@email.com,555-926-9021,84163 Michael Pine,Port Scott,CT,79331,2019-12-16,1991-06-03,,Employed,55128,731,False
C0221,Kyle,Nelson,kyle.nelson@email.com,555-425-7382,050 Antonio Route Apt. 257,Wintersview,ID,55242,2021-10-20,1995-05-19,,Employed,150771,643,False
C0222,Patricia,Espinoza,patricia.espinoza@email.com,555-830-3547,8196 Garner Fall,Juliefort,TX,26563,2018-10-20,1976-12-28,Aggressive,Employed,113507,685,False
C0223,Jocelyn,Chen,jocelyn.chen@email.com,555-723-7852,373 Janice Greens Suite 639,North Sara,VA,70003,2019-01-10,1979-09-09,Conservative,Unemployed,70597,700,False
C0224,Melissa,James,melissa.james@email.com,555-412-7660,36743 Kelly Mills Suite 374,Jimenezville,WY,50991,2018-07-04,1988-06-20,,Employed,151104,756,False
C0225,Keith,Lopez,keith.lopez@email.com,555-110-7946,004 Diana Parks,Port Tiffanyhaven,UT,76674,2018-10-07,1981-07-07,,Employed,135235,714,False
C0226,David,Horton,david.horton@email.com,555-114-4115,281 Ronald Stream,Rachelfurt,WV,10955,2020-05-20,1991-07-08,,Employed,112985,630,False
C0227,James,Conway,james.conway@email.com,555-636-4687,0430 Lee Forge Suite 571,Davidmouth,ID,19846,2020-01-22,1997-08-26,,Employed,63968,683,False
C0228,Logan,Barton,logan.barton@email.com,555-215-6537,15408 Ashley Fords,Amandaside,UT,42737,2021-01-09,1998-03-01,,Self-Employed,38635,719,False
C0229,Barbara,Tate,barbara.tate@email.com,555-102-7449,0997 Parrish Unions,North Chloeborough,IN,49953,2021-08-09,1983-02-15,,Self-Employed,30781,673,False
C0230,Karen,Shaw,karen.shaw@email.com,555-464-1096,147 Ellis Brooks Apt. 226,Kimberlyshire,SC,70339,2019-11-04,1973-05-20,,Employed,45468,762,False
C0231,Kayla,Thomas,kayla.thomas@email.com,555-186-9668,45574 Torres Stravenue,Thomashaven,NC,30147,2020-04-21,1965-07-22,,Retired,33358,761,False
C0232,Michael,Edwards,michael.edwards@email.com,555-649-5415,19649 Emily Place,North Jeffrey,CT,67484,2021-09-06,1997-08-26,,Employed,108373,681,False
C0233,Ralph,Carter,ralph.carter@email.com,555-132-3626,180 Harris Rest Suite 398,Lake Martinhaven,TX,36082,2020-09-08,1989-11-03,,Unemployed,30000,629,False
C0234,Jon,Bryant,jon.bryant@email.com,555-869-7551,45195 Robert Garden,Stevenville,NC,60967,2018-09-27,1964-12-02,,Unemployed,62808,703,False
C0235,Linda,Tapia,linda.tapia@email.com,555-342-1852,2186 Audrey Camp Apt. 479,New Jenniferhaven,UT,54845,2020-05-29,1986-10-13,,Self-Employed,66388,580,False
C0236,Robert,Cooper,robert.cooper@email.com,555-846-9376,9031 Lin Corner,New Brittney,ID,42698,2019-07-30,1994-05-24,,Employed,30000,739,False
C0237,John,Johnston,john.johnston@email.com,555-823-2688,863 Bush Plains,New Rebecca,VT,75841,2021-06-05,1968-02-16,,Employed,172136,749,False
C0238,Stephanie,Joyce,stephanie.joyce@email.com,555-296-3395,2414 Andrew Oval Suite 881,Darinmouth,NV,12314,2021-06-16,1968-12-14,,Employed,34386,690,False
C0239,Jacob,Sanchez,jacob.sanchez@email.com,555-336-4633,5949 Lisa Parkways Apt. 809,Schmidtmouth,MI,65846,2020-09-08,1962-10-02,Moderate,Employed,92791,714,False
C0240,Adriana,Williams,adriana.williams@email.com,555-459-7849,87381 Sharon Station Apt. 434,West Wanda,KS,51922,2018-04-08,1968-02-25,Conservative,Employed,37220,802,False
C0241,Stephanie,Hansen,stephanie.hansen@email.com,555-289-5133,28001 Rebecca Roads Suite 229,Port Carl,NY,57655,2019-11-16,1973-08-26,,Employed,129575,728,False
C0242,Patricia,Castro,patricia.castro@email.com,555-470-9664,9398 Hill Burgs,Rebeccaland,RI,58705,2019-05-03,1989-03-02,,Employed,88361,638,False
C0243,John,Arnold,john.arnold@email.com,555-860-2971,090 Brooks Drives Suite 275,Lake Kathleenside,AZ,86881,2021-09-02,1996-08-31,,Employed,37438,623,False
C0244,Laura,West,laura.west@email.com,555-646-3517,4280 John Ridge,Port Jessica,AZ,26755,2019-01-28,1978-10-04,Conservative,Employed,53687,834,False
C0245,Tammy,Smith,tammy.smith@email.com,555-529-9581,24624 Silva Circle,East Lisa,NC,12867,2018-12-08,1986-11-16,Conservative,Employed,147384,739,False
C0246,Sharon,Hodges,sharon.hodges@email.com,555-507-9110,90097 Diamond Ranch Suite 668,Kariview,UT,79791,2020-11-17,1963-05-13,,Employed,106077,716,False
C0247,Adam,Bennett,adam.bennett@email.com,555-378-4390,28585 Douglas Camp Apt. 293,Meganborough,ID,10471,2018-11-24,1985-08-26,Conservative,Employed,361297,755,False
C0248,John,Fitzgerald,john.fitzgerald@email.com,555-972-4609,0849 Courtney Locks Apt. 413,Kelseyville,ME,45194,2021-02-04,1965-05-05,,Employed,40590,753,False
C0249,Leah,Sloan,leah.sloan@email.com,555-384-3178,8596 Emily Vista,Lake Johnmouth,LA,16752,2021-08-08,1971-03-03,Moderate,Unemployed,31655,670,False
C0250,Karen,Hodges,karen.hodges@email.com,555-432-2363,772 Carol Trace Apt. 047,Hernandezberg,VA,81994,2019-06-25,1992-05-22,,Employed,167296,589,False
C0251,Jessica,Russell,jessica.russell@email.com,555-935-1170,781 Yoder Track,Brandichester,MN,38741,2019-07-27,1967-12-05,,Employed,104602,643,False
C0252,Aaron,Moore,aaron.moore@email.com,555-749-4377,6523 Lori Corners Suite 279,Kristineland,NH,38919,2019-10-27,1972-01-21,Moderate,Employed,192451,668,False
C0253,James,Warren,james.warren@email.com,555-847-8109,144 Jackson Wall Suite 118,New Sandrashire,MS,29442,2020-09-08,1964-03-15,,Employed,59788,755,False
C0254,Jonathan,Johnson,jonathan.johnson@email.com,555-846-3955,67494 Doyle Mill Apt. 699,Vasquezchester,TN,46968,2018-02-13,1973-11-29,,Employed,43377,702,False
C0255,Craig,Garcia,craig.garcia@email.com,555-173-7986,29336 Smith Fall Suite 056,Janetfort,KS,69640,2021-08-14,1978-01-20,,Employed,82961,749,False
C0256,Emma,Poole,emma.poole@email.com,555-486-7291,356 Knapp Way,North Brianmouth,AK,24422,2018-01-28,1994-03-31,,Self-Employed,106336,638,False
C0257,Rebecca,Trevino,rebecca.trevino@email.com,555-911-1153,072 Lisa Brooks,Bellside,DC,23938,2021-01-15,1993-01-07,,Self-Employed,50009,721,False
C0258,Kenneth,Bailey,kenneth.bailey@email.com,555-226-1347,3988 David Stream Suite 648,Port Elaine,AZ,23476,2021-01-20,1973-04-23,,Employed,148086,763,False
C0259,Laura,Wilson,laura.wilson@email.com,555-332-7998,30963 Rodriguez Ports,Lake Tyler,MO,29316,2019-12-25,1989-05-25,,Employed,139582,707,False
C0260,Edward,Perez,edward.perez@email.com,555-212-4678,584 Martin Fields,South Dianaville,CT,46937,2020-01-02,1963-06-03,,Employed,85487,705,False
C0261,Bianca,Snyder,bianca.snyder@email.com,555-795-7967,076 Wright Terrace,Joshuaton,GA,97460,2021-11-08,1973-07-11,,Employed,46850,755,False
C0262,John,Evans,john.evans@email.com,555-828-2251,063 Heather Creek Apt. 805,North Clairefurt,DC,10285,2018-11-01,1994-11-21,,Employed,63427,673,False
C0263,April,Wade,april.wade@email.com,555-215-8003,409 Thomas Ridges,Sandraborough,WA,46500,2018-10-24,1964-01-21,,Employed,63691,549,False
C0264,Benjamin,Conner,benjamin.conner@email.com,555-716-6463,9839 Tamara Path,East Jesusmouth,FL,95715,2019-05-19,1977-03-10,Conservative,Employed,64590,579,False
C0265,John,Harris,john.harris@email.com,555-832-7911,19394 Walker Turnpike Apt. 157,East Nicholas,ND,85743,2021-11-21,1996-05-23,Aggressive,Self-Employed,103560,643,False
C0266,Courtney,Wilson,courtney.wilson@email.com,555-117-6937,88680 Mccullough Harbor,East Sharon,OK,72118,2018-10-01,1964-12-09,Aggressive,Employed,33268,795,False
C0267,Kayla,Sanchez,kayla.sanchez@email.com,555-955-7898,694 Norman Way,Bryantton,KS,37621,2019-04-05,1962-07-04,,Self-Employed,30000,599,False
C0268,Matthew,Williams,matthew.williams@email.com,555-126-7958,498 Romero Lake Suite 435,North Jennifer,MS,17088,2021-12-07,1964-10-02,,Employed,78239,788,False
C0269,Jennifer,Hernandez,jennifer.hernandez@email.com,555-883-3988,193 Pacheco Unions Suite 931,West George,NM,28364,2020-12-16,1991-05-03,Conservative,Retired,45528,776,False
C0270,Andrew,Vega,andrew.vega@email.com,555-393-2822,680 Martha Gateway,Carolyntown,GA,17864,2021-08-08,1961-06-10,,Employed,62312,619,False
C0271,Tonya,Leach,tonya.leach@email.com,555-667-5227,82762 Aaron Gateway,North Angela,OR,75781,2019-09-19,1991-10-27,Aggressive,Employed,147455,739,False
C0272,Joshua,Carlson,joshua.carlson@email.com,555-228-4471,598 Theresa Plaza,Seanburgh,MT,91139,2018-04-25,1969-10-26,,Employed,99551,656,False
C0273,Veronica,Valenzuela,veronica.valenzuela@email.com,555-947-7233,3398 Crystal Plain Suite 018,Jenniferland,HI,17165,2020-01-31,1989-01-02,Conservative,Employed,55883,638,False
C0274,Danielle,Berry,danielle.berry@email.com,555-966-6496,4378 Daniel Alley Suite 566,New Ericstad,AK,41395,2019-08-01,1967-04-20,,Employed,34810,683,False
C0275,Cassandra,Barajas,cassandra.barajas@email.com,555-133-4937,923 Sanchez Greens,New Stephen,LA,21146,2021-03-13,1985-05-02,Moderate,Employed,197865,745,False
C0276,David,Strong,david.strong@email.com,555-416-1138,7438 Christine Gardens Apt. 102,Diazmouth,MN,47015,2020-03-26,1982-06-09,,Employed,240193,689,False
C0277,Jodi,Wade,jodi.wade@email.com,555-790-2595,183 Austin Expressway Suite 405,South Sandra,MI,63383,2020-10-28,1964-07-12,,Employed,118231,725,False
C0278,Franklin,Bailey,franklin.bailey@email.com,555-574-2290,961 Meghan Manors Suite 133,East Mariah,SD,22227,2019-04-20,1999-09-03,,Employed,111269,654,False
C0279,Emily,Downs,emily.downs@email.com,555-613-9459,3965 Griffith Isle,Cranechester,WA,89788,2021-08-27,1983-06-22,,Retired,30000,647,False
C0280,Gregory,Johnson,gregory.johnson@email.com,555-829-7350,97837 Emily Hills,North Lisa,KS,37370,2021-06-04,1987-03-23,,Employed,30000,612,False
C0281,Jack,Phillips,jack.phillips@email.com,555-246-6071,39517 Alejandro Route,Kennethland,OK,21425,2020-10-18,1964-03-21,Moderate,Employed,46287,792,False
C0282,Vanessa,Harris,vanessa.harris@email.com,555-461-2461,1474 Johnson Ramp,Walterside,CA,33486,2021-12-26,1994-08-17,,Employed,150487,714,False
C0283,Bradley,Pope,bradley.pope@email.com,555-226-8999,67305 William Park Apt. 121,North Elizabethshire,AZ,57641,2019-08-11,1977-12-25,Conservative,Employed,114753,650,False
C0284,Miranda,Wilkinson,miranda.wilkinson@email.com,555-482-2367,4158 Lopez Centers,North Nancy,UT,64158,2020-11-02,1980-03-10,,Employed,264980,774,False
C0285,Charles,Webb,charles.webb@email.com,555-158-5011,630 Kelsey Plains Suite 837,Garzaview,VT,83505,2018-01-17,1966-12-07,,Retired,34666,734,False
C0286,Dean,Webster,dean.webster@email.com,555-573-2531,99031 Rice Estate Suite 156,Patrickshire,MN,71063,2020-08-17,1988-10-26,,Employed,108336,746,False
C0287,Patricia,Rivera,patricia.rivera@email.com,555-506-8096,7867 Levine Ramp Suite 213,Hillmouth,IL,62628,2019-11-05,1962-11-22,,Employed,120668,681,False
C0288,Richard,Guerrero,richard.guerrero@email.com,555-249-4497,490 Hannah Islands,Port Jessicatown,MA,84475,2018-03-06,1986-12-18,,Self-Employed,53684,723,False
C0289,Rachael,Fletcher,rachael.fletcher@email.com,555-800-7929,01449 Mckinney Island Suite 199,Scottbury,LA,43039,2021-07-25,1967-11-25,Conservative,Employed,33993,688,False
C0290,Valerie,Carrillo,valerie.carrillo@email.com,555-785-5250,52515 Thomas Skyway,South Amy,ID,17044,2018-07-09,2000-02-22,,Retired,30000,830,False
C0291,Julia,Ramsey,julia.ramsey@email.com,555-593-8790,8388 Aguirre Oval,Johnchester,OH,31061,2021-11-27,1979-08-05,,Employed,92358,850,False
C0292,Jenna,Deleon,jenna.deleon@email.com,555-840-3369,71927 Michelle Islands Suite 069,Taylorton,MA,97040,2019-10-11,1960-08-20,,Employed,71348,739,False
C0293,Tonya,Lyons,tonya.lyons@email.com,555-790-7658,700 Johnson Shoal Apt. 458,North Richardville,KY,78248,2018-01-08,1980-03-17,,Retired,104374,669,False
C0294,Kathleen,Morton,kathleen.morton@email.com,555-863-4074,8856 Johnson Wells,Grayside,NE,81576,2018-12-07,1986-12-15,,Employed,90700,599,False
C0295,Kevin,Miller,kevin.miller@email.com,555-566-7783,402 Brett Plains,Annburgh,NE,56101,2019-12-23,1997-02-23,,Employed,76757,765,False
C0296,Laura,Williams,laura.williams@email.com,555-666-3664,4583 Jones Brooks Apt. 631,Lake Jason,OH,67131,2020-02-21,1972-10-13,,Self-Employed,117196,714,False
C0297,Brittany,Webster,brittany.webster@email.com,555-977-2625,644 Ramsey Fork,Amandashire,CO,23606,2018-07-03,1989-02-20,,Employed,171015,566,False
C0298,Savannah,Richardson,savannah.richardson@email.com,555-133-5749,764 Donna Tunnel,New Maryberg,NE,37770,2019-04-02,1994-11-06,Aggressive,Employed,73684,666,False
C0299,Ana,Mitchell,ana.mitchell@email.com,555-459-8601,3166 Travis Mews Suite 013,Andersonmouth,NE,94523,2021-12-12,1995-03-13,,Self-Employed,40883,703,False
C0300,Michelle,Jensen,michelle.jensen@email.com,555-414-7794,808 Eric Ville,West Tracie,UT,41661,2018-01-09,2000-05-18,,Retired,52007,705,False
C0301,Bruce,Sullivan,bruce.sullivan@email.com,555-540-4962,2553 Patterson Canyon,West Ann,OK,61296,2019-01-30,1987-08-23,,Employed,82227,612,False
C0302,Hannah,Taylor,hannah.taylor@email.com,555-277-7604,99679 Brown Trail Apt. 863,Veronicabury,MA,77800,2018-11-21,1979-08-15,,Employed,93778,541,False
C0303,Jennifer,Clements,jennifer.clements@email.com,555-903-7422,44848 Johnson Route Apt. 110,North Shannon,WI,92223,2019-06-17,1997-07-23,,Employed,34694,627,False
C0304,Adam,Smith,adam.smith@email.com,555-656-2290,50207 Timothy Ridges,West Jillville,OR,60122,2018-02-21,1993-04-19,,Self-Employed,106564,696,False
C0305,Stacy,Nixon,stacy.nixon@email.com,555-298-9772,3882 Velasquez Light Suite 911,Port Robin,KS,59559,2019-06-18,1989-07-28,,Employed,39529,665,False
C0306,Jacob,Hoover,jacob.hoover@email.com,555-606-6921,389 Lopez Place Suite 111,Hardington,IN,61222,2018-07-26,1982-01-10,,Self-Employed,63091,691,False
C0307,Jeffery,Terry,jeffery.terry@email.com,555-529-7148,748 Fisher Row Suite 420,Wilsonchester,MA,93040,2020-07-12,1996-04-08,Moderate,Employed,117112,696,False
C0308,Karen,Torres,karen.torres@email.com,555-451-6681,42372 Sandra Rest,New Jason,NM,90478,2021-05-13,1984-07-06,,Employed,66049,813,False
C0309,Barbara,Gregory,barbara.gregory@email.com,555-624-3496,9225 Hannah Forks Suite 708,North Melissa,IN,57826,2018-08-24,2000-04-22,,Employed,53974,784,False
C0310,Heather,Norton,heather.norton@email.com,555-593-4264,7551 Williams Mount Suite 622,Port Anthonymouth,CO,55685,2021-12-21,1984-09-26,,Employed,62795,777,False
C0311,Eric,Sanchez,eric.sanchez@email.com,555-297-5097,387 Garcia Tunnel,Lake Jacobton,ID,35936,2021-11-08,1997-12-13,,Retired,30000,669,False
C0312,Joseph,Ryan,joseph.ryan@email.com,555-913-4372,0826 Taylor Manor Apt. 065,West Kevinland,WA,73941,2020-06-06,1999-08-08,,Employed,85938,746,False
C0313,Hayden,Salinas,hayden.salinas@email.com,555-492-8033,131 Christian Spring,Lake David,IL,84336,2019-12-24,1976-10-09,Moderate,Retired,76744,623,False
C0314,Lisa,Johnston,lisa.johnston@email.com,555-519-5808,6729 Hanna Track,New Heatherburgh,RI,94554,2020-12-22,1975-10-20,,Employed,68594,762,False
C0315,Ashley,Smith,ashley.smith@email.com,555-480-7094,325 Wise Hills,Port Jakeburgh,GA,51215,2018-09-08,1960-06-06,Conservative,Employed,34089,575,False
C0316,Daniel,Yang,daniel.yang@email.com,555-494-5646,6886 Joseph Isle,West John,RI,37810,2020-12-15,1969-10-02,Conservative,Employed,40406,735,False
C0317,Curtis,Clarke,curtis.clarke@email.com,555-761-7909,3300 Thomas Plaza,Briannamouth,UT,67043,2019-10-13,1996-06-26,Conservative,Employed,63103,674,False
C0318,Amy,Lopez,amy.lopez@email.com,555-705-7272,180 Mullen Meadows Apt. 695,Campbellberg,KS,85551,2018-02-13,1972-10-14,,Employed,149136,787,False
C0319,Emily,Bradford,emily.bradford@email.com,555-234-7599,87976 Smith Lakes,Phillipstown,AZ,79922,2020-12-16,1961-10-02,,Employed,36479,690,False
C0320,Danny,Washington,danny.washington@email.com,555-840-5931,558 Matthew Valley Apt. 049,Brownville,LA,51574,2019-12-10,1977-12-16,,Employed,124365,793,False
C0321,Pamela,Johnson,pamela.johnson@email.com,555-756-2989,08196 Mcmahon Summit,Harrisonmouth,MS,90999,2018-07-30,1961-04-24,,Employed,138180,693,False
C0322,Dawn,Lane,dawn.lane@email.com,555-804-8138,4083 Christina Courts,Jacobbury,IA,32307,2018-06-30,1968-07-28,,Self-Employed,68003,692,False
C0323,Bradley,Brooks,bradley.brooks@email.com,555-411-2229,1985 Isaiah Camp Apt. 691,Juliefurt,KY,53165,2021-11-09,1987-06-27,,Self-Employed,61382,658,False
C0324,Taylor,Fox,taylor.fox@email.com,555-571-2964,896 Moore Spurs Apt. 754,Harpertown,FL,51855,2018-10-31,1993-10-11,,Employed,112656,671,False
C0325,Ann,Miller,ann.miller@email.com,555-387-6274,26200 Philip Flat Apt. 000,North Damonberg,WY,73269,2019-04-08,1964-02-13,,Employed,60690,727,False
C0326,Dustin,Reynolds,dustin.reynolds@email.com,555-348-4373,6194 Lutz Trace,Port Vanessa,VT,20225,2018-06-03,1982-03-09,,Employed,112564,780,False
C0327,Jason,Sexton,jason.sexton@email.com,555-626-6134,4374 Montgomery Mews,Nicoletown,WI,50871,2021-12-22,1980-05-13,Aggressive,Employed,120427,704,False
C0328,Michelle,Petersen,michelle.petersen@email.com,555-472-7317,38019 Williams Keys,New Christopherfurt,NH,91327,2020-11-17,1969-02-08,,Self-Employed,58840,715,False
C0329,Tracie,Grant,tracie.grant@email.com,555-204-3413,5103 Jones Falls Apt. 129,Lake Latoyatown,NJ,24047,2018-08-14,1970-10-16,,Employed,69738,789,False
C0330,Courtney,Alvarez,courtney.alvarez@email.com,555-563-6766,6648 James Stream,Mullenville,KY,25509,2021-02-01,1963-10-09,,Employed,41500,663,False
C0331,Beth,Holloway,beth.holloway@email.com,555-200-1805,1730 Wheeler Lodge Suite 092,Christopherton,TN,60137,2020-05-15,1968-09-12,,Employed,56930,763,False
C0332,Pamela,Davis,pamela.davis@email.com,555-631-8103,042 Jeffrey Skyway,South Nicole,CT,99281,2018-04-13,1988-12-28,,Employed,215883,679,False
C0333,Cassandra,Conner,cassandra.conner@email.com,555-735-7628,534 Logan Avenue,Seantown,MT,61496,2018-07-27,1969-11-11,,Self-Employed,127915,749,False
C0334,Sean,Miller,sean.miller@email.com,555-455-5718,4484 Noble Locks,East Aaronport,VA,88159,2019-08-13,1992-12-01,,Employed,148195,813,False
C0335,Tyler,Rollins,tyler.rollins@email.com,555-344-3789,320 Walsh Well Suite 136,Port Andrewchester,MA,99318,2018-05-23,1967-06-23,,Employed,30000,752,False
C0336,Cassie,Vasquez,cassie.vasquez@email.com,555-370-2261,5660 Charles Mill,Danielberg,HI,99024,2018-01-20,1986-08-24,,Employed,73005,671,False
C0337,Fernando,Rodriguez,fernando.rodriguez@email.com,555-146-1284,840 Singh Dam Suite 155,Oscarmouth,OR,99135,2019-08-19,1997-06-21,,Employed,71478,727,False
C0338,Patrick,Chavez,patrick.chavez@email.com,555-852-6747,386 Robert Causeway Apt. 458,Port Stevenmouth,OH,43730,2021-09-20,1981-10-27,,Employed,65076,654,False
C0339,Kathryn,Doyle,kathryn.doyle@email.com,555-630-8935,23666 Lee Shore Apt. 037,Loweport,DE,45381,2021-11-05,1983-04-18,Aggressive,Self-Employed,241852,736,False
C0340,Robert,Steele,robert.steele@email.com,555-812-8056,784 Allen Lodge Apt. 540,Lake Alyssa,MS,37041,2018-07-02,1968-09-10,,Retired,41441,707,False
C0341,Benjamin,Williams,benjamin.williams@email.com,555-560-9632,1451 Mcgee Square,Stonestad,ID,44774,2021-10-22,1975-08-25,,Retired,31569,772,False
C0342,Shirley,Reed,shirley.reed@email.com,555-632-6624,832 Brandon Island,Holmesfurt,SC,26116,2020-06-06,1995-09-04,Moderate,Employed,74737,687,False
C0343,John,Hines,john.hines@email.com,555-396-3664,2589 Jennifer Dam,North Kimberlyville,MD,73809,2019-08-14,1962-11-24,,Self-Employed,45948,701,False
C0344,Katie,Brown,katie.brown@email.com,555-105-8050,0767 Anthony Garden Suite 758,Howardfurt,MN,96540,2018-01-02,1962-03-28,Aggressive,Employed,72809,771,False
C0345,Sandra,Lindsey,sandra.lindsey@email.com,555-188-5434,0403 York Cliff Suite 019,South Rebeccahaven,GA,35785,2020-06-03,1986-04-02,Aggressive,Retired,97468,596,False
C0346,John,Morgan,john.morgan@email.com,555-200-5280,435 Sims Falls,South Daniel,MD,88255,2019-09-29,1967-10-10,Aggressive,Employed,107276,589,False
C0347,Melissa,Rodriguez,melissa.rodriguez@email.com,555-526-4268,99655 Fields Valleys Apt. 446,North Joseph,MD,49976,2018-06-25,1973-05-03,Aggressive,Employed,112873,615,False
C0348,Linda,Lee,linda.lee@email.com,555-953-8158,8177 Christopher Station,Zimmermanchester,CT,28167,2020-12-14,1979-10-28,,Employed,70937,682,False
C0349,Andrew,Roberts,andrew.roberts@email.com,555-520-8557,275 Samantha View,Schultzhaven,AK,83257,2018-02-24,1994-05-24,,Employed,148696,706,False
C0350,Ryan,Phillips,ryan.phillips@email.com,555-624-7113,762 Jessica Fort Apt. 874,New Brendastad,FL,91381,2021-01-17,2000-05-14,,Employed,35481,744,False
C0351,Cindy,Brown,cindy.brown@email.com,555-786-1097,68919 Hicks Rapids,Port Phillipshire,NJ,77896,2020-07-31,1997-08-23,Conservative,Employed,93410,784,False
C0352,Christopher,Green,christopher.green@email.com,555-985-1997,1995 Kenneth Camp Apt. 628,West Spencer,DE,86626,2021-10-13,1982-11-30,,Self-Employed,76059,778,False
C0353,Michelle,Gardner,michelle.gardner@email.com,555-408-6093,193 Jennifer Corners Suite 787,Christopherborough,WA,10845,2020-09-20,1987-12-23,,Employed,72407,774,False
C0354,Anthony,Aguirre,anthony.aguirre@email.com,555-617-8271,209 Schmidt Springs Suite 861,Donnaland,MT,17294,2018-09-07,1973-06-14,Aggressive,Employed,197882,710,False
C0355,Jesus,Franklin,jesus.franklin@email.com,555-549-3018,1607 Karina Meadows,South Adam,NV,29168,2021-07-26,1960-12-20,,Employed,226462,748,False
C0356,Eddie,Barron,eddie.barron@email.com,555-591-5751,49176 Nicolas Green,North Oliviafurt,ME,97495,2018-07-24,1986-05-30,Moderate,Employed,99586,711,False
C0357,Danielle,Parks,danielle.parks@email.com,555-526-7960,8677 Amber Course,North Heatherville,GA,13666,2019-08-04,1980-07-02,,Employed,57177,805,False
C0358,Jodi,Waller,jodi.waller@email.com,555-772-8282,58070 Davis Squares Suite 426,Villanuevaport,AZ,56494,2018-10-13,1980-12-27,Aggressive,Retired,55467,709,False
C0359,Alexander,Pratt,alexander.pratt@email.com,555-615-4453,264 Wilson Terrace,Carlafort,MN,78820,2020-03-10,1983-01-05,,Employed,96073,666,False
C0360,James,Scott,james.scott@email.com,555-832-3294,2879 Thompson Camp,Millershire,LA,96303,2019-09-13,1977-09-02,,Employed,142398,817,False
C0361,Johnny,Atkins,johnny.atkins@email.com,555-619-9608,713 Schneider Villages Apt. 959,West Ginaberg,KY,26963,2021-11-30,1974-07-15,,Employed,79100,700,False
C0362,Teresa,Lopez,teresa.lopez@email.com,555-130-3607,96469 Horton Roads Suite 654,West Johnfort,IA,22653,2021-09-24,1964-10-06,Aggressive,Employed,121537,691,False
C0363,Catherine,Ellis,catherine.ellis@email.com,555-342-2727,221 Lewis Trace Suite 412,Whitemouth,ID,60342,2020-05-10,1962-11-20,Conservative,Employed,115472,850,False
C0364,Keith,Gomez,keith.gomez@email.com,555-960-1482,181 Richard Square Apt. 942,Lynnside,ID,52094,2018-08-09,1991-05-05,,Employed,30000,681,False
C0365,Colleen,Armstrong,colleen.armstrong@email.com,555-392-4694,7609 Todd View,Port Natasha,IL,31245,2020-06-07,1996-07-03,Moderate,Employed,103968,850,False
C0366,Oscar,Boyd,oscar.boyd@email.com,555-198-4334,9207 Erica Mountains,New Stephaniechester,AZ,28423,2018-01-11,1976-02-17,,Self-Employed,140881,710,False
C0367,Jessica,Smith,jessica.smith@email.com,555-847-9653,693 Pamela Crossing,Lawsonview,NY,34921,2019-03-01,1985-08-01,,Self-Employed,75102,651,False
C0368,Brandon,Carroll,brandon.carroll@email.com,555-920-2100,636 Garza Valley Suite 580,Bishophaven,NH,66034,2021-07-04,1976-11-14,Conservative,Retired,47425,694,False
C0369,Jenny,Edwards,jenny.edwards@email.com,555-438-1369,84322 Potts Locks,West James,IA,47997,2019-05-30,1977-07-06,,Self-Employed,157279,680,False
C0370,Kevin,Galvan,kevin.galvan@email.com,555-419-7540,619 Jenny Corner Suite 660,Parkerchester,SC,17424,2021-01-23,1991-04-16,,Retired,172892,803,False
C0371,Christine,Sweeney,christine.sweeney@email.com,555-442-1973,3623 Cardenas Estate,Port Mollytown,FL,36769,2021-01-25,1996-08-20,,Self-Employed,126209,693,False
C0372,Heidi,Rice,heidi.rice@email.com,555-677-1579,18292 Stevens Crescent Suite 808,South Michaelmouth,MN,19275,2020-05-02,1986-10-31,,Self-Employed,69595,725,False
C0373,Beverly,Gordon,beverly.gordon@email.com,555-765-6738,8202 Miller Plaza,South Riley,NV,72599,2019-09-14,1995-01-21,Aggressive,Self-Employed,182372,642,False
C0374,Ian,Cook,ian.cook@email.com,555-800-1296,220 Tiffany Street Suite 259,Scottland,OK,73199,2018-04-17,1977-05-13,,Self-Employed,93234,689,False
C0375,Amanda,Richardson,amanda.richardson@email.com,555-730-7024,52865 Kevin Ways,Juliastad,MN,35381,2019-12-04,1979-08-01,Conservative,Retired,34282,719,False
C0376,Mark,Lee,mark.lee@email.com,555-927-9785,0754 Leah Circles,West Elizabeth,OR,16000,2018-01-31,1999-03-04,Aggressive,Self-Employed,55422,764,False
C0377,Jesus,Lawrence,jesus.lawrence@email.com,555-399-3125,0949 Michael Mountains Suite 842,Perryborough,RI,62142,2020-09-07,1989-06-30,Aggressive,Employed,48611,705,False
C0378,Ricky,Morgan,ricky.morgan@email.com,555-822-6848,8739 Silva Passage Apt. 527,North Gary,IA,68135,2021-12-31,1973-07-30,,Retired,63922,660,False
C0379,Alan,Wilson,alan.wilson@email.com,555-814-9870,029 Elizabeth Underpass,Jaredside,NC,23681,2018-04-21,1975-07-20,Moderate,Retired,70110,760,False
C0380,Jeremiah,Solis,jeremiah.solis@email.com,555-633-4777,946 Hanson Estate,Williamsonfort,MD,82478,2019-03-08,1965-07-04,,Employed,109620,707,False
C0381,Wayne,Galvan,wayne.galvan@email.com,555-765-8434,28205 Diaz Street Apt. 278,Cardenasfort,DE,12790,2020-10-18,1997-07-07,,Employed,52829,733,False
C0382,Patrick,Hughes,patrick.hughes@email.com,555-493-9115,090 Alexis View Suite 420,Jamestown,AK,60146,2020-02-27,1979-12-01,,Employed,51733,702,False
C0383,Mark,Martin,mark.martin@email.com,555-412-1512,34485 Nelson Mall,Lake Maria,OH,55587,2018-02-23,2000-10-27,,Employed,110297,659,False
C0384,Jeremy,Rangel,jeremy.rangel@email.com,555-544-8004,29910 Stokes Walks,Alexshire,DC,17486,2018-08-12,1984-10-26,,Employed,143426,850,False
C0385,Richard,Parker,richard.parker@email.com,555-686-9501,98678 Butler Burgs Suite 186,Brandyside,KY,31305,2020-02-20,1980-12-17,Conservative,Self-Employed,38649,697,False
C0386,Renee,Martin,renee.martin@email.com,555-375-5104,5582 Chaney Inlet,Chaneyville,DC,95594,2021-05-30,1960-07-21,Conservative,Employed,84823,784,False
C0387,Brittany,Ashley,brittany.ashley@email.com,555-554-8581,41406 Carolyn Squares,West Ashley,AK,67659,2018-01-19,1980-12-03,Moderate,Employed,50203,699,False
C0388,Aaron,Evans,aaron.evans@email.com,555-693-2303,06771 Castro Ridge,Lake Rhondachester,LA,89996,2021-02-03,1974-02-01,Moderate,Unemployed,30968,675,False
C0389,Ana,Christian,ana.christian@email.com,555-332-3858,5943 Daniel Cliff Apt. 178,Port Christinaborough,GA,90995,2021-09-05,1962-03-23,Aggressive,Employed,101498,597,False
C0390,Christopher,Short,christopher.short@email.com,555-834-4734,831 Acevedo Forest Apt. 573,Hawkinsstad,AR,43954,2019-06-12,1960-09-21,,Employed,132491,704,False
C0391,Michael,Lucero,michael.lucero@email.com,555-458-2788,865 Hughes Flat Apt. 884,Port Kyleborough,CA,76445,2020-06-27,1965-01-28,Moderate,Employed,50196,643,False
C0392,Blake,Sullivan,blake.sullivan@email.com,555-525-2169,9707 Nguyen Lights Suite 194,Wilsonstad,TN,65898,2019-08-03,1966-06-02,,Employed,91712,834,False
C0393,Dwayne,Barnes,dwayne.barnes@email.com,555-483-8711,9038 Allen Fort,Stephenchester,ME,91515,2018-03-05,1967-03-11,Conservative,Employed,58896,681,False
C0394,Tiffany,Kim,tiffany.kim@email.com,555-623-9326,1214 Nelson Pike,South Sherri,DC,86216,2021-12-30,1975-06-07,,Retired,38418,701,False
C0395,Steven,Hale,steven.hale@email.com,555-764-2285,6343 Lydia Squares,Christineburgh,CA,39436,2021-03-03,1982-08-02,,Unemployed,79689,659,False
C0396,Debbie,Castillo,debbie.castillo@email.com,555-640-1842,282 Matthew Gateway Suite 900,Perryland,RI,71909,2021-09-12,1983-07-11,,Employed,59347,660,False
C0397,Devin,Webb,devin.webb@email.com,555-436-4982,398 Butler Unions Apt. 774,North Michelle,WY,57443,2019-04-18,1980-06-12,,Employed,30000,707,False
C0398,Alexis,Mills,alexis.mills@email.com,555-470-8932,76897 Harding Keys Suite 454,Kevinchester,RI,40192,2020-07-08,1995-04-09,Aggressive,Employed,121744,700,False
C0399,Brian,West,brian.west@email.com,555-350-7678,61444 Cooley Stream,Rachelchester,UT,86645,2021-09-25,1966-03-13,,Employed,137089,756,False
C0400,Richard,Mcclain,richard.mcclain@email.com,555-689-9096,7686 Kathryn Inlet,Hugheschester,SD,35965,2019-01-04,1999-04-25,,Employed,41575,729,False
C0401,Teresa,Turner,teresa.turner@email.com,555-581-2654,0833 Meyer Haven,Lake Jacqueline,FL,14466,2020-06-02,1961-01-27,,Employed,142878,657,False
C0402,Willie,Gonzalez,willie.gonzalez@email.com,555-829-5806,7620 Amanda Port,Henrytown,DE,54146,2019-11-21,1986-07-13,,Employed,143359,735,False
C0403,Richard,Adams,richard.adams@email.com,555-588-3205,9722 Sherri Extension Suite 079,Port Brianton,WA,34045,2021-04-22,1996-10-14,Conservative,Retired,52657,682,False
C0404,Kevin,Best,kevin.best@email.com,555-386-2587,4528 Jason Rapids Suite 453,Port Nancytown,IA,48974,2020-10-07,1975-04-20,,Employed,89748,608,False
C0405,Cynthia,Leon,cynthia.leon@email.com,555-536-5673,361 Benson Bridge Apt. 938,West Cassiebury,MA,60340,2019-10-15,1993-12-20,,Employed,37123,607,False
C0406,Kevin,Barrera,kevin.barrera@email.com,555-269-2942,9069 Rebekah Row Suite 538,New Brandonland,ME,45893,2020-09-23,1979-09-09,,Employed,39994,754,False
C0407,Jennifer,Price,jennifer.price@email.com,555-385-3310,630 Murray Roads,West Vanessa,CT,37111,2021-02-04,1997-08-16,,Employed,33957,708,False
C0408,Paul,Miller,paul.miller@email.com,555-652-9813,57934 Stone Road,Lake Andrealand,IL,10873,2020-09-27,1997-05-05,Conservative,Self-Employed,59359,808,False
C0409,Robert,Foley,robert.foley@email.com,555-950-8435,9367 Cortez Gateway Apt. 353,Smithborough,ME,24367,2021-12-17,1997-11-22,Conservative,Employed,169023,678,False
C0410,Bruce,Small,bruce.small@email.com,555-385-2908,633 Chen Land Apt. 531,Richardville,MN,20363,2019-04-01,1992-08-17,,Employed,52203,573,False
C0411,Lori,Kennedy,lori.kennedy@email.com,555-823-6157,473 Scott Walk,North Carol,AZ,66803,2018-07-25,1991-08-18,,Self-Employed,30000,778,False
C0412,James,Jarvis,james.jarvis@email.com,555-749-1130,820 Victor Walk,Carlsonborough,KS,27940,2021-04-15,1976-11-15,,Retired,32533,595,False
C0413,William,Perez,william.perez@email.com,555-303-2453,9175 Amy Bridge,Stephenport,ND,38074,2018-01-07,1979-06-25,Moderate,Employed,80849,747,False
C0414,Gabrielle,Lewis,gabrielle.lewis@email.com,555-369-7230,6996 George Lodge Suite 463,Kathleenhaven,SD,86532,2019-04-26,1988-08-09,Moderate,Employed,149023,803,False
C0415,Courtney,Jordan,courtney.jordan@email.com,555-996-5786,5062 Fitzgerald Pike Apt. 985,New Jameschester,TX,73577,2020-09-30,1995-09-27,Aggressive,Employed,103709,587,False
C0416,Pamela,Nash,pamela.nash@email.com,555-215-5706,5579 Castaneda Greens,Brownland,NE,68611,2019-10-29,1971-02-05,,Employed,35827,747,False
C0417,Micheal,Stevens,micheal.stevens@email.com,555-813-7522,39163 Kane Neck Apt. 268,Padillaland,VA,26784,2020-09-17,1997-09-07,,Self-Employed,73592,770,False
C0418,Lisa,Chaney,lisa.chaney@email.com,555-619-4524,8675 Holly Park Apt. 861,East Amychester,DC,63609,2018-05-05,1985-03-22,Aggressive,Self-Employed,59138,604,False
C0419,Pamela,Douglas,pamela.douglas@email.com,555-155-5396,5581 Harris Parkways Apt. 210,Lake Scott,NY,38697,2019-11-27,1988-07-16,,Self-Employed,55055,790,False
C0420,David,Garcia,david.garcia@email.com,555-648-4378,63588 Rebecca Summit Apt. 805,East Ryan,WY,91957,2018-08-14,1987-07-06,,Employed,36846,692,False
C0421,Stephen,Young,stephen.young@email.com,555-821-6460,459 Kathryn Parkway,East Antonio,MN,82468,2018-05-10,1989-05-18,,Employed,49240,669,False
C0422,Amanda,Juarez,amanda.juarez@email.com,555-648-7480,462 Timothy Centers Suite 868,East Brookeburgh,VA,40059,2019-08-18,1995-12-11,,Employed,63281,616,False
C0423,Chelsea,Andrews,chelsea.andrews@email.com,555-120-9627,99272 Hartman Locks Suite 717,Lake Lisa,CT,75732,2020-03-25,1995-07-01,Moderate,Employed,45240,733,False
C0424,Chris,Smith,chris.smith@email.com,555-353-1553,771 Wilson Crest Suite 646,North Haroldville,LA,26206,2020-02-13,1989-05-24,,Employed,65063,850,False
C0425,Tracy,Williams,tracy.williams@email.com,555-860-9875,0220 David Plains,Lake Stacy,RI,29902,2018-07-15,1993-01-03,,Employed,38571,639,False
C0426,Robert,Gross,robert.gross@email.com,555-535-9394,903 Pierce Stravenue,Briannaborough,WV,13071,2019-09-11,1972-04-17,,Employed,85055,738,False
C0427,Lisa,Smith,lisa.smith@email.com,555-516-5563,90492 Sara Pike,Port Kathryn,NM,47279,2021-12-10,1983-12-02,,Employed,204054,576,False
C0428,Pamela,Barnett,pamela.barnett@email.com,555-337-8325,866 Kimberly Springs,Blakebury,MS,72495,2021-02-27,1964-11-20,,Employed,30303,747,False
C0429,Ashley,Ali,ashley.ali@email.com,555-273-4402,21158 David Haven Apt. 615,Michaelview,NY,87779,2019-05-27,1963-10-06,,Employed,94381,731,False
C0430,Autumn,Meyer,autumn.meyer@email.com,555-160-9084,59460 Scott Landing,Timothyborough,KY,63983,2019-09-30,1993-03-20,,Employed,46402,603,False
C0431,Nicole,Smith,nicole.smith@email.com,555-314-9007,83331 Frost Parkway Apt. 734,Nancyview,OH,75511,2019-10-04,1989-03-31,,Employed,70957,702,False
C0432,Mark,Baker,mark.baker@email.com,555-850-2334,93258 Ian Squares,North Alecburgh,CT,65797,2021-12-03,1963-06-23,,Employed,105291,727,False
C0433,Benjamin,Norman,benjamin.norman@email.com,555-216-1639,45367 Micheal Prairie,Lake Andrea,NV,74904,2018-12-16,1988-02-02,,Self-Employed,71163,662,False
C0434,Jessica,Juarez,jessica.juarez@email.com,555-403-2926,853 Kayla Ways Apt. 749,South Sharon,NV,48564,2021-10-17,1972-02-28,,Employed,90562,701,False
C0435,Dorothy,Adams,dorothy.adams@email.com,555-635-4349,988 Alexander Circle,Jeffreytown,SC,58660,2020-11-29,1987-02-12,,Employed,41206,806,False
C0436,Andrew,Sanders,andrew.sanders@email.com,555-972-3217,5754 Randy Parks,Larrymouth,HI,78731,2020-08-28,1960-06-09,Aggressive,Employed,50200,644,False
C0437,Parker,Robles,parker.robles@email.com,555-419-4074,94189 Fisher Meadow,Moralesville,IL,22300,2021-01-06,1980-07-27,,Employed,32047,766,False
C0438,Rebecca,Fox,rebecca.fox@email.com,555-672-4703,5672 Fletcher Streets,Hotown,MN,92420,2018-01-29,1968-08-22,,Employed,81795,658,False
C0439,James,Mcmillan,james.mcmillan@email.com,555-756-4319,67146 Hall Prairie,Jennyborough,CA,87678,2018-11-09,1964-08-14,,Self-Employed,48284,649,False
C0440,Nicholas,Moore,nicholas.moore@email.com,555-634-7274,9826 Anderson Roads Suite 997,Jonathanfort,MI,85452,2021-04-27,1987-02-16,,Employed,130091,767,False
C0441,John,Martinez,john.martinez@email.com,555-922-3400,10213 Alicia Run,Port Kristenmouth,GA,31603,2020-08-31,1999-03-26,,Employed,64855,687,False
C0442,Jason,Kelley,jason.kelley@email.com,555-346-7442,5295 White Skyway,New Amber,MO,60532,2021-12-17,1981-04-13,Conservative,Employed,128270,833,False
C0443,Marc,Gross,marc.gross@email.com,555-962-4504,70159 Allen Point,Moraleschester,HI,93069,2019-07-23,1991-11-28,,Employed,64239,686,False
C0444,Catherine,Nelson,catherine.nelson@email.com,555-545-6704,322 Bradley Isle Apt. 929,West Megan,ID,13315,2020-01-19,1998-05-15,,Employed,139095,656,False
C0445,Carol,Parrish,carol.parrish@email.com,555-997-4129,495 Sparks Junctions Suite 889,North Edwardshire,MO,59047,2019-01-02,1993-07-15,,Unemployed,30000,757,False
C0446,Nicole,Jackson,nicole.jackson@email.com,555-359-9237,247 Matthew Trace,Fernandezview,AL,89531,2019-07-14,1961-07-03,,Employed,119380,778,False
C0447,Cynthia,White,cynthia.white@email.com,555-359-5492,1275 Burgess Ville,Bennettview,SD,17500,2021-03-17,1996-12-06,,Employed,108275,642,False
C0448,Randy,Bailey,randy.bailey@email.com,555-995-9938,4860 Nicole Fall,Williamston,CT,15006,2020-01-27,1961-04-17,Conservative,Employed,161950,656,False
C0449,Valerie,Adams,valerie.adams@email.com,555-234-2356,399 Gina Roads Suite 957,West Christianland,NE,25653,2018-04-25,1979-11-21,Conservative,Employed,34161,850,False
C0450,Christine,Roberts,christine.roberts@email.com,555-273-7000,90911 Lisa Trafficway Suite 883,Roberthaven,ND,11857,2021-09-22,1978-01-31,,Employed,91500,728,False
C0451,Sarah,Pena,sarah.pena@email.com,555-613-3416,145 Martin Squares Suite 983,Port Robert,WA,44948,2018-06-21,1967-09-28,,Employed,51279,651,False
C0452,Heidi,Petersen,heidi.petersen@email.com,555-674-6745,625 Rose Rest,Lewisfort,DE,54754,2020-08-12,1985-06-26,,Self-Employed,52445,685,False
C0453,Sandra,Hughes,sandra.hughes@email.com,555-120-3774,64887 Sims Passage Suite 275,Lake Jessica,DC,11368,2019-03-22,1988-08-13,,Employed,35354,774,False
C0454,Chad,Lewis,chad.lewis@email.com,555-985-4130,370 Fischer Squares,Lake Lisaberg,WV,27397,2019-09-28,1962-05-23,Aggressive,Employed,67354,616,False
C0455,Anna,Rush,anna.rush@email.com,555-304-3901,405 Christine Heights,Williamshire,ME,43994,2021-11-29,1979-09-20,Moderate,Employed,73169,670,False
C0456,Bianca,Velasquez,bianca.velasquez@email.com,555-560-3793,3912 Wong Shoal,New Mark,AZ,86706,2020-02-29,1966-12-26,,Employed,30000,815,False
C0457,Linda,Mendoza,linda.mendoza@email.com,555-798-5729,035 Taylor Walk Apt. 445,South Gina,IN,54850,2021-12-03,1982-08-06,,Employed,105617,717,False
C0458,Brian,Garcia,brian.garcia@email.com,555-323-8662,60341 Amy Hollow Apt. 634,East Joshuaport,KY,14121,2018-08-25,1983-03-12,,Employed,50590,658,False
C0459,Calvin,Love,calvin.love@email.com,555-134-6281,778 Jennifer Inlet Apt. 935,North Michaelville,VT,23711,2021-07-13,1976-02-05,Conservative,Retired,30000,681,False
C0460,Timothy,Snyder,timothy.snyder@email.com,555-291-6865,44366 Adams Forest Suite 791,West Thomas,MD,31331,2020-08-14,1984-07-11,Conservative,Employed,60762,641,False
C0461,Nicholas,Rios,nicholas.rios@email.com,555-482-6535,46664 Spencer Cove Suite 417,Sheltonmouth,NM,98939,2020-04-01,1973-06-19,,Employed,165145,703,False
C0462,Riley,Thompson,riley.thompson@email.com,555-619-2767,221 Rebecca Junction,Brandichester,NE,65822,2019-07-06,1985-11-26,,Employed,30000,661,False
C0463,Rachel,Anderson,rachel.anderson@email.com,555-814-9586,23024 Chung Stream,East Samantha,IL,84447,2018-10-13,1965-10-29,Conservative,Employed,37965,638,False
C0464,Jennifer,Robinson,jennifer.robinson@email.com,555-276-5936,389 Acosta Loop,Harrisfort,MD,20534,2019-01-14,1970-08-05,,Retired,41071,763,False
C0465,Arthur,Miller,arthur.miller@email.com,555-105-8820,646 Amanda Avenue,East Susanside,HI,55182,2018-07-24,1981-02-12,,Employed,64236,814,False
C0466,Debra,Young,debra.young@email.com,555-951-8593,940 Rodney Vista Apt. 140,Caseyburgh,VA,41816,2018-07-16,1977-05-21,,Employed,124444,702,False
C0467,Steven,Dixon,steven.dixon@email.com,555-993-7956,954 Lin Drive Apt. 434,East Malikfort,RI,61622,2020-12-29,1963-03-20,Moderate,Employed,48636,674,False
C0468,Melody,Mahoney,melody.mahoney@email.com,555-101-7523,40380 Cheryl Mission Suite 737,North Lisahaven,CA,94617,2019-04-17,1966-03-12,,Employed,38301,769,False
C0469,Sabrina,Edwards,sabrina.edwards@email.com,555-284-7974,4821 Matthew Highway Apt. 002,Gregorymouth,GA,47350,2019-09-30,1977-05-08,,Employed,90601,738,False
C0470,Lynn,Oconnor,lynn.oconnor@email.com,555-267-7524,41153 Zoe Pike Apt. 575,North Chadburgh,UT,77809,2018-08-06,1980-11-08,,Self-Employed,50270,650,False
C0471,Elizabeth,Wells,elizabeth.wells@email.com,555-426-3109,9922 Howell Extensions,East Nicholaschester,OR,76449,2020-02-26,1990-10-14,,Employed,59385,608,False
C0472,Mary,Williamson,mary.williamson@email.com,555-155-5963,39983 Anthony Highway,North Tammy,NV,43901,2021-07-22,1965-03-14,Conservative,Employed,134612,658,False
C0473,Charles,Adams,charles.adams@email.com,555-473-2829,95610 Turner Lodge,Smithhaven,DC,33440,2020-05-18,1983-11-07,,Self-Employed,101276,797,False
C0474,Timothy,Lee,timothy.lee@email.com,555-845-8454,18535 Tran Run,Keithbury,NV,16362,2020-08-09,1972-08-20,Moderate,Employed,151272,745,False
C0475,John,Hernandez,john.hernandez@email.com,555-478-5134,385 Schmidt Branch,Josephhaven,NV,54231,2021-10-14,1973-04-14,,Self-Employed,50454,638,False
C0476,Jonathon,Garrett,jonathon.garrett@email.com,555-465-1599,8372 Charles Cove Suite 294,North Devonbury,OH,61932,2019-05-25,1967-11-11,Aggressive,Employed,105401,708,False
C0477,Christopher,Richard,christopher.richard@email.com,555-805-4999,132 Robertson Inlet Apt. 676,Bellmouth,WA,78623,2021-03-11,1980-07-24,,Employed,62295,659,False
C0478,Kelly,Orozco,kelly.orozco@email.com,555-931-2656,9794 Larry Ville Suite 405,Paulton,MO,77191,2018-06-11,1975-02-25,,Retired,79738,850,False
C0479,Madeline,Cunningham,madeline.cunningham@email.com,555-181-8101,471 Jean Drives,Robinsonfort,DE,35119,2021-03-15,1971-09-15,,Unemployed,63336,705,False
C0480,Daniel,Bush,daniel.bush@email.com,555-483-8748,50477 Brittany Parkway,Sanchezmouth,IN,67271,2019-07-17,1993-07-02,,Employed,42571,768,False
C0481,John,Long,john.long@email.com,555-379-1082,2931 Kyle Harbors,West Elizabeth,NE,37149,2018-02-08,1995-01-30,,Employed,44951,761,False
C0482,Margaret,Newton,margaret.newton@email.com,555-750-6212,110 Grant Avenue,Brendafurt,CT,39009,2019-04-06,1960-10-23,Moderate,Self-Employed,35825,639,False
C0483,Angel,Johnson,angel.johnson@email.com,555-571-7893,732 Anderson Junctions,New Meganview,SD,88018,2019-11-05,1984-04-15,,Employed,52056,647,False
C0484,Kimberly,Meza,kimberly.meza@email.com,555-814-3785,3044 Warren Parkways,New Carmen,UT,61126,2019-06-08,1978-01-27,Conservative,Employed,88465,752,False
C0485,Kristen,Walsh,kristen.walsh@email.com,555-865-9676,9527 Glenn Camp Suite 600,South Kyleport,MS,49850,2019-08-21,1993-09-06,Aggressive,Employed,101108,653,False
C0486,Angela,Valdez,angela.valdez@email.com,555-525-1383,8444 Melanie Shoals Suite 166,West Dakotatown,WI,47209,2021-02-13,1993-05-17,Moderate,Employed,30000,736,False
C0487,Christopher,Contreras,christopher.contreras@email.com,555-323-4462,981 Joseph Plaza Apt. 759,Lake Alextown,DE,84808,2019-08-16,1968-01-05,,Retired,38727,709,False
C0488,Robert,Blake,robert.blake@email.com,555-745-2730,340 Duran Unions Suite 607,West Angela,TX,92984,2021-07-26,1974-04-03,,Employed,78310,777,False
C0489,Susan,Allen,susan.allen@email.com,555-393-8363,58007 Collier Square,Christinaport,HI,33281,2020-03-30,1972-12-08,,Employed,314109,644,False
C0490,Lauren,Cooper,lauren.cooper@email.com,555-200-7280,32865 Cowan Parks,Sandramouth,PA,95603,2020-05-06,1978-10-05,,Employed,135488,753,False
C0491,James,Cook,james.cook@email.com,555-684-7697,704 Adam View Suite 132,Port Amanda,AK,52601,2021-06-02,1971-03-19,Aggressive,Employed,140071,785,False
C0492,David,Burton,david.burton@email.com,555-860-7378,276 Rebecca Via,South Angelicaburgh,OK,77021,2019-01-31,1998-02-21,,Retired,44392,700,False
C0493,Sandra,Roth,sandra.roth@email.com,555-400-2061,38558 Martin Inlet,Bryantmouth,AK,37132,2021-03-28,1980-09-07,,Employed,106337,805,False
C0494,Melissa,Shaw,melissa.shaw@email.com,555-572-9195,4581 Sanchez Viaduct Apt. 713,New Aarontown,TN,24569,2021-05-22,1997-08-01,,Employed,30702,746,False
C0495,Tracie,Black,tracie.black@email.com,555-581-7313,52725 Watson Harbors,North Raymondfurt,CA,64668,2019-06-17,1999-08-16,Moderate,Self-Employed,103804,788,False
C0496,Samantha,Mitchell,samantha.mitchell@email.com,555-843-1979,780 Stafford Camp Suite 821,West Ricky,ME,62218,2018-03-23,1976-04-19,,Employed,229906,742,False
C0497,Mary,Perez,mary.perez@email.com,555-227-2697,13363 Shawn Gardens Suite 018,South Jameschester,GA,44406,2021-04-02,1993-10-20,Aggressive,Self-Employed,118181,660,False
C0498,Christine,Richardson,christine.richardson@email.com,555-315-5333,6472 Julie Spur Suite 849,New Jasonport,CT,53257,2021-08-07,1991-02-12,Conservative,Employed,168522,678,False
C0499,Jonathan,Phillips,jonathan.phillips@email.com,555-450-5838,939 Kristine Port,Robertsland,VT,68284,2019-11-09,1995-04-27,,Employed,53179,727,False
C0500,Daniel,Mendez,daniel.mendez@email.com,555-634-5725,28347 Courtney Grove Suite 774,New Christina,AK,38969,2020-01-30,1985-04-12,,Employed,30000,633,False
C0501,Zachary,Johnson,zachary.johnson@email.com,555-441-6131,97048 Gina Junctions Suite 348,Christinefort,CA,86680,2022-09-23,1989-11-10,,Employed,61576,627,True
C0502,Lisa,Lopez,lisa.lopez@email.com,555-232-9419,9398 Wells Mountains Suite 746,New Megan,NV,41050,2022-07-10,1987-04-10,,Self-Employed,50243,634,True
C0503,Lauren,Mullins,lauren.mullins@email.com,555-965-2427,970 Anthony Burg Suite 989,Barrfurt,TX,69168,2022-06-07,1994-12-24,,Self-Employed,60077,595,True
C0504,Michael,Ray,michael.ray@email.com,555-411-6012,341 Williams Island Apt. 049,West Josephbury,MA,37832,2022-07-02,1986-01-15,,Self-Employed,83726,582,True
C0505,Cathy,Holt,cathy.holt@email.com,555-198-6888,171 Payne Passage,West Anita,MO,90350,2022-06-13,1981-03-11,,Self-Employed,87631,593,True
